<?xml version="1.0" encoding="UTF-8"?>
<gpx version="1.1" creator="RowerowyWeekend Strava Import" xmlns="http://www.topografix.com/GPX/1/1">
  <metadata>
    <name>Lunch Ride</name>
  </metadata>
  <trk>
    <name>Lunch Ride</name>
    <trkseg>
      <trkpt lat="50.039107" lon="20.000971"><ele>199.20</ele></trkpt>
      <trkpt lat="50.03912" lon="20.000967"><ele>199.20</ele></trkpt>
      <trkpt lat="50.039107" lon="20.001008"><ele>199.20</ele></trkpt>
      <trkpt lat="50.039083" lon="20.001049"><ele>199.00</ele></trkpt>
      <trkpt lat="50.039097" lon="20.001089"><ele>199.40</ele></trkpt>
      <trkpt lat="50.039129" lon="20.001089"><ele>199.60</ele></trkpt>
      <trkpt lat="50.039277" lon="20.001144"><ele>198.40</ele></trkpt>
      <trkpt lat="50.03934" lon="20.001155"><ele>198.20</ele></trkpt>
      <trkpt lat="50.039388" lon="20.001164"><ele>198.20</ele></trkpt>
      <trkpt lat="50.039431" lon="20.001194"><ele>198.20</ele></trkpt>
      <trkpt lat="50.039448" lon="20.001223"><ele>198.20</ele></trkpt>
      <trkpt lat="50.039446" lon="20.001287"><ele>198.60</ele></trkpt>
      <trkpt lat="50.039449" lon="20.001301"><ele>198.60</ele></trkpt>
      <trkpt lat="50.039465" lon="20.001319"><ele>198.60</ele></trkpt>
      <trkpt lat="50.039497" lon="20.001325"><ele>198.40</ele></trkpt>
      <trkpt lat="50.039552" lon="20.001346"><ele>198.20</ele></trkpt>
      <trkpt lat="50.039604" lon="20.00141"><ele>198.60</ele></trkpt>
      <trkpt lat="50.039623" lon="20.001481"><ele>198.80</ele></trkpt>
      <trkpt lat="50.039638" lon="20.001518"><ele>199.00</ele></trkpt>
      <trkpt lat="50.039709" lon="20.001573"><ele>199.00</ele></trkpt>
      <trkpt lat="50.03979" lon="20.00163"><ele>199.00</ele></trkpt>
      <trkpt lat="50.03979" lon="20.001668"><ele>199.00</ele></trkpt>
      <trkpt lat="50.039752" lon="20.001956"><ele>198.80</ele></trkpt>
      <trkpt lat="50.03971" lon="20.002369"><ele>198.40</ele></trkpt>
      <trkpt lat="50.039707" lon="20.002425"><ele>198.20</ele></trkpt>
      <trkpt lat="50.039665" lon="20.002967"><ele>197.60</ele></trkpt>
      <trkpt lat="50.039636" lon="20.003264"><ele>197.20</ele></trkpt>
      <trkpt lat="50.039639" lon="20.003312"><ele>197.00</ele></trkpt>
      <trkpt lat="50.039633" lon="20.003723"><ele>197.20</ele></trkpt>
      <trkpt lat="50.039595" lon="20.003922"><ele>197.40</ele></trkpt>
      <trkpt lat="50.039571" lon="20.004073"><ele>197.60</ele></trkpt>
      <trkpt lat="50.039568" lon="20.004114"><ele>197.80</ele></trkpt>
      <trkpt lat="50.039581" lon="20.004224"><ele>197.60</ele></trkpt>
      <trkpt lat="50.039616" lon="20.004247"><ele>197.40</ele></trkpt>
      <trkpt lat="50.039721" lon="20.004251"><ele>196.80</ele></trkpt>
      <trkpt lat="50.039836" lon="20.004283"><ele>196.60</ele></trkpt>
      <trkpt lat="50.039916" lon="20.004299"><ele>196.80</ele></trkpt>
      <trkpt lat="50.039942" lon="20.004318"><ele>197.20</ele></trkpt>
      <trkpt lat="50.039979" lon="20.004335"><ele>197.20</ele></trkpt>
      <trkpt lat="50.040085" lon="20.004352"><ele>197.20</ele></trkpt>
      <trkpt lat="50.040131" lon="20.004341"><ele>197.40</ele></trkpt>
      <trkpt lat="50.040267" lon="20.004377"><ele>198.00</ele></trkpt>
      <trkpt lat="50.040273" lon="20.004418"><ele>198.00</ele></trkpt>
      <trkpt lat="50.040283" lon="20.004473"><ele>198.20</ele></trkpt>
      <trkpt lat="50.040354" lon="20.004619"><ele>198.60</ele></trkpt>
      <trkpt lat="50.040527" lon="20.004637"><ele>198.60</ele></trkpt>
      <trkpt lat="50.040771" lon="20.004624"><ele>198.40</ele></trkpt>
      <trkpt lat="50.040805" lon="20.004629"><ele>198.60</ele></trkpt>
      <trkpt lat="50.040873" lon="20.004653"><ele>199.20</ele></trkpt>
      <trkpt lat="50.040907" lon="20.004667"><ele>199.40</ele></trkpt>
      <trkpt lat="50.041077" lon="20.004743"><ele>200.20</ele></trkpt>
      <trkpt lat="50.041108" lon="20.004755"><ele>200.20</ele></trkpt>
      <trkpt lat="50.041142" lon="20.00477"><ele>200.20</ele></trkpt>
      <trkpt lat="50.041303" lon="20.004893"><ele>200.60</ele></trkpt>
      <trkpt lat="50.041334" lon="20.004919"><ele>200.60</ele></trkpt>
      <trkpt lat="50.0414" lon="20.004977"><ele>200.80</ele></trkpt>
      <trkpt lat="50.04152" lon="20.005115"><ele>201.00</ele></trkpt>
      <trkpt lat="50.041628" lon="20.005273"><ele>200.80</ele></trkpt>
      <trkpt lat="50.041674" lon="20.005353"><ele>200.80</ele></trkpt>
      <trkpt lat="50.041698" lon="20.005394"><ele>200.80</ele></trkpt>
      <trkpt lat="50.041721" lon="20.005435"><ele>200.80</ele></trkpt>
      <trkpt lat="50.041743" lon="20.005476"><ele>200.80</ele></trkpt>
      <trkpt lat="50.041764" lon="20.005521"><ele>201.00</ele></trkpt>
      <trkpt lat="50.041832" lon="20.005648"><ele>201.20</ele></trkpt>
      <trkpt lat="50.041854" lon="20.005694"><ele>201.00</ele></trkpt>
      <trkpt lat="50.041878" lon="20.00574"><ele>201.00</ele></trkpt>
      <trkpt lat="50.041925" lon="20.005828"><ele>201.00</ele></trkpt>
      <trkpt lat="50.042082" lon="20.0061"><ele>201.40</ele></trkpt>
      <trkpt lat="50.042133" lon="20.00618"><ele>201.60</ele></trkpt>
      <trkpt lat="50.042317" lon="20.006458"><ele>200.20</ele></trkpt>
      <trkpt lat="50.04237" lon="20.006523"><ele>199.80</ele></trkpt>
      <trkpt lat="50.042501" lon="20.006723"><ele>200.40</ele></trkpt>
      <trkpt lat="50.042704" lon="20.007037"><ele>200.40</ele></trkpt>
      <trkpt lat="50.042729" lon="20.007071"><ele>200.60</ele></trkpt>
      <trkpt lat="50.042944" lon="20.007432"><ele>201.20</ele></trkpt>
      <trkpt lat="50.043015" lon="20.007729"><ele>201.60</ele></trkpt>
      <trkpt lat="50.043023" lon="20.007777"><ele>201.60</ele></trkpt>
      <trkpt lat="50.043077" lon="20.008098"><ele>201.60</ele></trkpt>
      <trkpt lat="50.043119" lon="20.008396"><ele>201.80</ele></trkpt>
      <trkpt lat="50.043217" lon="20.008782"><ele>201.60</ele></trkpt>
      <trkpt lat="50.043257" lon="20.008897"><ele>201.80</ele></trkpt>
      <trkpt lat="50.043384" lon="20.009281"><ele>201.60</ele></trkpt>
      <trkpt lat="50.043407" lon="20.009339"><ele>201.60</ele></trkpt>
      <trkpt lat="50.043441" lon="20.009465"><ele>201.60</ele></trkpt>
      <trkpt lat="50.043448" lon="20.009526"><ele>201.60</ele></trkpt>
      <trkpt lat="50.043483" lon="20.009684"><ele>201.60</ele></trkpt>
      <trkpt lat="50.043547" lon="20.009941"><ele>202.20</ele></trkpt>
      <trkpt lat="50.043561" lon="20.010054"><ele>203.00</ele></trkpt>
      <trkpt lat="50.043565" lon="20.010146"><ele>203.80</ele></trkpt>
      <trkpt lat="50.043567" lon="20.010207"><ele>204.00</ele></trkpt>
      <trkpt lat="50.043611" lon="20.010428"><ele>203.80</ele></trkpt>
      <trkpt lat="50.043609" lon="20.010543"><ele>203.60</ele></trkpt>
      <trkpt lat="50.043599" lon="20.010573"><ele>203.40</ele></trkpt>
      <trkpt lat="50.043546" lon="20.010827"><ele>203.00</ele></trkpt>
      <trkpt lat="50.043537" lon="20.010878"><ele>203.00</ele></trkpt>
      <trkpt lat="50.043448" lon="20.011338"><ele>203.00</ele></trkpt>
      <trkpt lat="50.043368" lon="20.011997"><ele>202.60</ele></trkpt>
      <trkpt lat="50.04334" lon="20.012582"><ele>202.20</ele></trkpt>
      <trkpt lat="50.043337" lon="20.012746"><ele>202.00</ele></trkpt>
      <trkpt lat="50.043337" lon="20.01291"><ele>201.80</ele></trkpt>
      <trkpt lat="50.043371" lon="20.013695"><ele>201.80</ele></trkpt>
      <trkpt lat="50.043391" lon="20.014337"><ele>202.00</ele></trkpt>
      <trkpt lat="50.043388" lon="20.014815"><ele>201.80</ele></trkpt>
      <trkpt lat="50.04342" lon="20.014959"><ele>201.60</ele></trkpt>
      <trkpt lat="50.043481" lon="20.015044"><ele>201.60</ele></trkpt>
      <trkpt lat="50.043585" lon="20.01511"><ele>201.60</ele></trkpt>
      <trkpt lat="50.043661" lon="20.015164"><ele>201.60</ele></trkpt>
      <trkpt lat="50.043798" lon="20.015316"><ele>201.80</ele></trkpt>
      <trkpt lat="50.043801" lon="20.015511"><ele>202.00</ele></trkpt>
      <trkpt lat="50.043819" lon="20.015567"><ele>201.80</ele></trkpt>
      <trkpt lat="50.043843" lon="20.015624"><ele>201.80</ele></trkpt>
      <trkpt lat="50.043965" lon="20.015914"><ele>201.40</ele></trkpt>
      <trkpt lat="50.044124" lon="20.016252"><ele>201.20</ele></trkpt>
      <trkpt lat="50.044211" lon="20.016396"><ele>201.60</ele></trkpt>
      <trkpt lat="50.044362" lon="20.016615"><ele>202.40</ele></trkpt>
      <trkpt lat="50.044492" lon="20.01681"><ele>202.80</ele></trkpt>
      <trkpt lat="50.044858" lon="20.017284"><ele>202.60</ele></trkpt>
      <trkpt lat="50.044942" lon="20.017388"><ele>203.20</ele></trkpt>
      <trkpt lat="50.045213" lon="20.017699"><ele>203.00</ele></trkpt>
      <trkpt lat="50.0454" lon="20.017896"><ele>202.40</ele></trkpt>
      <trkpt lat="50.045446" lon="20.017943"><ele>202.20</ele></trkpt>
      <trkpt lat="50.045539" lon="20.018033"><ele>202.40</ele></trkpt>
      <trkpt lat="50.045789" lon="20.018257"><ele>202.60</ele></trkpt>
      <trkpt lat="50.046248" lon="20.018685"><ele>202.60</ele></trkpt>
      <trkpt lat="50.046724" lon="20.019213"><ele>202.80</ele></trkpt>
      <trkpt lat="50.046765" lon="20.019256"><ele>203.00</ele></trkpt>
      <trkpt lat="50.047042" lon="20.019569"><ele>203.20</ele></trkpt>
      <trkpt lat="50.047083" lon="20.019614"><ele>203.20</ele></trkpt>
      <trkpt lat="50.047123" lon="20.019657"><ele>203.40</ele></trkpt>
      <trkpt lat="50.047468" lon="20.020099"><ele>203.60</ele></trkpt>
      <trkpt lat="50.047736" lon="20.020545"><ele>203.80</ele></trkpt>
      <trkpt lat="50.047939" lon="20.020962"><ele>204.00</ele></trkpt>
      <trkpt lat="50.047993" lon="20.021073"><ele>204.40</ele></trkpt>
      <trkpt lat="50.048125" lon="20.02136"><ele>204.80</ele></trkpt>
      <trkpt lat="50.048223" lon="20.021614"><ele>204.80</ele></trkpt>
      <trkpt lat="50.048468" lon="20.022348"><ele>204.80</ele></trkpt>
      <trkpt lat="50.048644" lon="20.023144"><ele>204.60</ele></trkpt>
      <trkpt lat="50.048741" lon="20.023825"><ele>204.80</ele></trkpt>
      <trkpt lat="50.048751" lon="20.023915"><ele>204.80</ele></trkpt>
      <trkpt lat="50.048797" lon="20.024556"><ele>205.00</ele></trkpt>
      <trkpt lat="50.048804" lon="20.024744"><ele>205.40</ele></trkpt>
      <trkpt lat="50.048807" lon="20.02484"><ele>205.60</ele></trkpt>
      <trkpt lat="50.048806" lon="20.02511"><ele>206.40</ele></trkpt>
      <trkpt lat="50.048802" lon="20.025481"><ele>206.00</ele></trkpt>
      <trkpt lat="50.048749" lon="20.026356"><ele>206.20</ele></trkpt>
      <trkpt lat="50.048714" lon="20.026694"><ele>205.80</ele></trkpt>
      <trkpt lat="50.048661" lon="20.027086"><ele>205.80</ele></trkpt>
      <trkpt lat="50.048539" lon="20.027757"><ele>205.60</ele></trkpt>
      <trkpt lat="50.048523" lon="20.027835"><ele>205.60</ele></trkpt>
      <trkpt lat="50.048364" lon="20.028535"><ele>204.80</ele></trkpt>
      <trkpt lat="50.048342" lon="20.028609"><ele>204.80</ele></trkpt>
      <trkpt lat="50.048119" lon="20.029339"><ele>205.20</ele></trkpt>
      <trkpt lat="50.047915" lon="20.029959"><ele>205.00</ele></trkpt>
      <trkpt lat="50.047699" lon="20.030604"><ele>205.40</ele></trkpt>
      <trkpt lat="50.047544" lon="20.031084"><ele>204.80</ele></trkpt>
      <trkpt lat="50.047523" lon="20.031151"><ele>205.00</ele></trkpt>
      <trkpt lat="50.047502" lon="20.031218"><ele>205.20</ele></trkpt>
      <trkpt lat="50.047481" lon="20.031285"><ele>205.40</ele></trkpt>
      <trkpt lat="50.047459" lon="20.031354"><ele>205.60</ele></trkpt>
      <trkpt lat="50.047375" lon="20.031613"><ele>205.60</ele></trkpt>
      <trkpt lat="50.047198" lon="20.03217"><ele>204.80</ele></trkpt>
      <trkpt lat="50.047132" lon="20.032365"><ele>204.20</ele></trkpt>
      <trkpt lat="50.046996" lon="20.032847"><ele>203.20</ele></trkpt>
      <trkpt lat="50.046963" lon="20.032998"><ele>202.80</ele></trkpt>
      <trkpt lat="50.04682" lon="20.033786"><ele>202.20</ele></trkpt>
      <trkpt lat="50.046737" lon="20.034529"><ele>202.00</ele></trkpt>
      <trkpt lat="50.046728" lon="20.034691"><ele>201.60</ele></trkpt>
      <trkpt lat="50.046712" lon="20.035368"><ele>202.20</ele></trkpt>
      <trkpt lat="50.046711" lon="20.035587"><ele>202.60</ele></trkpt>
      <trkpt lat="50.046704" lon="20.035885"><ele>202.60</ele></trkpt>
      <trkpt lat="50.046708" lon="20.03654"><ele>201.80</ele></trkpt>
      <trkpt lat="50.04676" lon="20.037344"><ele>201.80</ele></trkpt>
      <trkpt lat="50.04688" lon="20.038153"><ele>201.60</ele></trkpt>
      <trkpt lat="50.046992" lon="20.038661"><ele>201.00</ele></trkpt>
      <trkpt lat="50.047007" lon="20.03873"><ele>200.80</ele></trkpt>
      <trkpt lat="50.047061" lon="20.038972"><ele>201.20</ele></trkpt>
      <trkpt lat="50.047088" lon="20.039085"><ele>201.80</ele></trkpt>
      <trkpt lat="50.047196" lon="20.039457"><ele>201.60</ele></trkpt>
      <trkpt lat="50.04741" lon="20.040107"><ele>201.20</ele></trkpt>
      <trkpt lat="50.047583" lon="20.040668"><ele>201.60</ele></trkpt>
      <trkpt lat="50.047685" lon="20.040995"><ele>201.40</ele></trkpt>
      <trkpt lat="50.047919" lon="20.041683"><ele>201.80</ele></trkpt>
      <trkpt lat="50.047942" lon="20.04175"><ele>202.00</ele></trkpt>
      <trkpt lat="50.048067" lon="20.042068"><ele>202.00</ele></trkpt>
      <trkpt lat="50.048119" lon="20.042182"><ele>201.80</ele></trkpt>
      <trkpt lat="50.048147" lon="20.042244"><ele>201.80</ele></trkpt>
      <trkpt lat="50.048317" lon="20.042608"><ele>202.00</ele></trkpt>
      <trkpt lat="50.048497" lon="20.042953"><ele>202.60</ele></trkpt>
      <trkpt lat="50.04883" lon="20.043606"><ele>202.40</ele></trkpt>
      <trkpt lat="50.049012" lon="20.044"><ele>202.20</ele></trkpt>
      <trkpt lat="50.049104" lon="20.04421"><ele>202.60</ele></trkpt>
      <trkpt lat="50.049132" lon="20.044276"><ele>202.80</ele></trkpt>
      <trkpt lat="50.04916" lon="20.044339"><ele>203.20</ele></trkpt>
      <trkpt lat="50.04933" lon="20.044807"><ele>204.00</ele></trkpt>
      <trkpt lat="50.049353" lon="20.044875"><ele>204.20</ele></trkpt>
      <trkpt lat="50.049552" lon="20.045533"><ele>203.80</ele></trkpt>
      <trkpt lat="50.049673" lon="20.046078"><ele>204.00</ele></trkpt>
      <trkpt lat="50.049744" lon="20.046475"><ele>204.20</ele></trkpt>
      <trkpt lat="50.049804" lon="20.046961"><ele>203.80</ele></trkpt>
      <trkpt lat="50.049865" lon="20.047708"><ele>203.60</ele></trkpt>
      <trkpt lat="50.049879" lon="20.048034"><ele>203.60</ele></trkpt>
      <trkpt lat="50.049879" lon="20.048347"><ele>203.60</ele></trkpt>
      <trkpt lat="50.04986" lon="20.049176"><ele>203.80</ele></trkpt>
      <trkpt lat="50.049856" lon="20.049308"><ele>204.00</ele></trkpt>
      <trkpt lat="50.049853" lon="20.049505"><ele>204.20</ele></trkpt>
      <trkpt lat="50.049845" lon="20.049715"><ele>204.40</ele></trkpt>
      <trkpt lat="50.049836" lon="20.049788"><ele>205.00</ele></trkpt>
      <trkpt lat="50.049834" lon="20.049844"><ele>202.00</ele></trkpt>
      <trkpt lat="50.049835" lon="20.04987"><ele>201.80</ele></trkpt>
      <trkpt lat="50.049836" lon="20.049907"><ele>201.40</ele></trkpt>
      <trkpt lat="50.049836" lon="20.049964"><ele>201.00</ele></trkpt>
      <trkpt lat="50.049817" lon="20.050116"><ele>200.20</ele></trkpt>
      <trkpt lat="50.049803" lon="20.050467"><ele>200.40</ele></trkpt>
      <trkpt lat="50.049788" lon="20.050764"><ele>201.00</ele></trkpt>
      <trkpt lat="50.049776" lon="20.051022"><ele>200.40</ele></trkpt>
      <trkpt lat="50.049773" lon="20.05114"><ele>200.40</ele></trkpt>
      <trkpt lat="50.049742" lon="20.051657"><ele>200.80</ele></trkpt>
      <trkpt lat="50.04974" lon="20.051781"><ele>200.80</ele></trkpt>
      <trkpt lat="50.049736" lon="20.051844"><ele>201.00</ele></trkpt>
      <trkpt lat="50.049734" lon="20.051857"><ele>201.20</ele></trkpt>
      <trkpt lat="50.049727" lon="20.051988"><ele>200.40</ele></trkpt>
      <trkpt lat="50.049725" lon="20.052063"><ele>199.80</ele></trkpt>
      <trkpt lat="50.04971" lon="20.052276"><ele>199.20</ele></trkpt>
      <trkpt lat="50.049702" lon="20.052408"><ele>198.80</ele></trkpt>
      <trkpt lat="50.049698" lon="20.05248"><ele>198.80</ele></trkpt>
      <trkpt lat="50.049695" lon="20.052552"><ele>198.80</ele></trkpt>
      <trkpt lat="50.049684" lon="20.052783"><ele>199.20</ele></trkpt>
      <trkpt lat="50.049655" lon="20.053309"><ele>199.00</ele></trkpt>
      <trkpt lat="50.04965" lon="20.053391"><ele>198.80</ele></trkpt>
      <trkpt lat="50.049642" lon="20.053552"><ele>198.80</ele></trkpt>
      <trkpt lat="50.049638" lon="20.053631"><ele>199.00</ele></trkpt>
      <trkpt lat="50.049633" lon="20.053708"><ele>199.00</ele></trkpt>
      <trkpt lat="50.049599" lon="20.054369"><ele>199.20</ele></trkpt>
      <trkpt lat="50.049589" lon="20.054521"><ele>199.40</ele></trkpt>
      <trkpt lat="50.049583" lon="20.054668"><ele>200.00</ele></trkpt>
      <trkpt lat="50.049573" lon="20.054898"><ele>200.20</ele></trkpt>
      <trkpt lat="50.049554" lon="20.055279"><ele>199.40</ele></trkpt>
      <trkpt lat="50.049532" lon="20.055711"><ele>199.00</ele></trkpt>
      <trkpt lat="50.049518" lon="20.056081"><ele>198.60</ele></trkpt>
      <trkpt lat="50.049475" lon="20.056858"><ele>198.00</ele></trkpt>
      <trkpt lat="50.049471" lon="20.056931"><ele>197.80</ele></trkpt>
      <trkpt lat="50.049456" lon="20.057149"><ele>197.80</ele></trkpt>
      <trkpt lat="50.049439" lon="20.057578"><ele>198.00</ele></trkpt>
      <trkpt lat="50.049435" lon="20.057648"><ele>198.00</ele></trkpt>
      <trkpt lat="50.049402" lon="20.058331"><ele>197.60</ele></trkpt>
      <trkpt lat="50.049398" lon="20.058406"><ele>197.60</ele></trkpt>
      <trkpt lat="50.049371" lon="20.058979"><ele>197.80</ele></trkpt>
      <trkpt lat="50.049359" lon="20.059204"><ele>198.20</ele></trkpt>
      <trkpt lat="50.049309" lon="20.060099"><ele>198.60</ele></trkpt>
      <trkpt lat="50.049296" lon="20.06035"><ele>199.00</ele></trkpt>
      <trkpt lat="50.049293" lon="20.060405"><ele>198.80</ele></trkpt>
      <trkpt lat="50.049287" lon="20.060514"><ele>198.80</ele></trkpt>
      <trkpt lat="50.049276" lon="20.060745"><ele>198.00</ele></trkpt>
      <trkpt lat="50.049273" lon="20.060808"><ele>197.80</ele></trkpt>
      <trkpt lat="50.049265" lon="20.060927"><ele>197.40</ele></trkpt>
      <trkpt lat="50.049257" lon="20.061106"><ele>196.80</ele></trkpt>
      <trkpt lat="50.049254" lon="20.061165"><ele>196.60</ele></trkpt>
      <trkpt lat="50.04924" lon="20.061387"><ele>195.80</ele></trkpt>
      <trkpt lat="50.049235" lon="20.061445"><ele>195.80</ele></trkpt>
      <trkpt lat="50.049221" lon="20.061685"><ele>195.40</ele></trkpt>
      <trkpt lat="50.049217" lon="20.061819"><ele>195.20</ele></trkpt>
      <trkpt lat="50.0492" lon="20.062179"><ele>195.20</ele></trkpt>
      <trkpt lat="50.049188" lon="20.062334"><ele>195.40</ele></trkpt>
      <trkpt lat="50.049162" lon="20.062875"><ele>195.00</ele></trkpt>
      <trkpt lat="50.049143" lon="20.063201"><ele>194.80</ele></trkpt>
      <trkpt lat="50.049134" lon="20.063468"><ele>195.00</ele></trkpt>
      <trkpt lat="50.049118" lon="20.063797"><ele>195.80</ele></trkpt>
      <trkpt lat="50.0491" lon="20.064184"><ele>195.40</ele></trkpt>
      <trkpt lat="50.049065" lon="20.064792"><ele>195.80</ele></trkpt>
      <trkpt lat="50.049061" lon="20.064862"><ele>196.00</ele></trkpt>
      <trkpt lat="50.049057" lon="20.06493"><ele>196.00</ele></trkpt>
      <trkpt lat="50.049023" lon="20.065632"><ele>195.20</ele></trkpt>
      <trkpt lat="50.049013" lon="20.065847"><ele>195.80</ele></trkpt>
      <trkpt lat="50.048995" lon="20.066129"><ele>197.00</ele></trkpt>
      <trkpt lat="50.048974" lon="20.066465"><ele>197.20</ele></trkpt>
      <trkpt lat="50.048937" lon="20.067137"><ele>196.80</ele></trkpt>
      <trkpt lat="50.048916" lon="20.067698"><ele>197.40</ele></trkpt>
      <trkpt lat="50.048912" lon="20.06776"><ele>197.40</ele></trkpt>
      <trkpt lat="50.048886" lon="20.068188"><ele>197.40</ele></trkpt>
      <trkpt lat="50.048876" lon="20.068408"><ele>197.80</ele></trkpt>
      <trkpt lat="50.048866" lon="20.068602"><ele>198.00</ele></trkpt>
      <trkpt lat="50.048846" lon="20.069002"><ele>197.80</ele></trkpt>
      <trkpt lat="50.048815" lon="20.069617"><ele>198.40</ele></trkpt>
      <trkpt lat="50.048789" lon="20.070139"><ele>198.40</ele></trkpt>
      <trkpt lat="50.048779" lon="20.070309"><ele>198.80</ele></trkpt>
      <trkpt lat="50.04877" lon="20.07048"><ele>199.20</ele></trkpt>
      <trkpt lat="50.048766" lon="20.070567"><ele>199.20</ele></trkpt>
      <trkpt lat="50.048748" lon="20.070909"><ele>199.40</ele></trkpt>
      <trkpt lat="50.048744" lon="20.070987"><ele>199.40</ele></trkpt>
      <trkpt lat="50.048702" lon="20.071478"><ele>199.20</ele></trkpt>
      <trkpt lat="50.048676" lon="20.071886"><ele>199.20</ele></trkpt>
      <trkpt lat="50.048679" lon="20.071966"><ele>199.20</ele></trkpt>
      <trkpt lat="50.048688" lon="20.072246"><ele>199.20</ele></trkpt>
      <trkpt lat="50.048682" lon="20.072319"><ele>199.20</ele></trkpt>
      <trkpt lat="50.048675" lon="20.072922"><ele>199.80</ele></trkpt>
      <trkpt lat="50.048677" lon="20.073051"><ele>200.20</ele></trkpt>
      <trkpt lat="50.048696" lon="20.073571"><ele>200.20</ele></trkpt>
      <trkpt lat="50.0487" lon="20.073647"><ele>200.40</ele></trkpt>
      <trkpt lat="50.04872" lon="20.073883"><ele>200.40</ele></trkpt>
      <trkpt lat="50.048736" lon="20.074036"><ele>200.40</ele></trkpt>
      <trkpt lat="50.048751" lon="20.074179"><ele>200.40</ele></trkpt>
      <trkpt lat="50.048768" lon="20.074318"><ele>200.20</ele></trkpt>
      <trkpt lat="50.04882" lon="20.074686"><ele>199.00</ele></trkpt>
      <trkpt lat="50.04887" lon="20.07504"><ele>198.00</ele></trkpt>
      <trkpt lat="50.048956" lon="20.075745"><ele>198.00</ele></trkpt>
      <trkpt lat="50.049" lon="20.076111"><ele>198.40</ele></trkpt>
      <trkpt lat="50.04901" lon="20.076186"><ele>198.60</ele></trkpt>
      <trkpt lat="50.049022" lon="20.076257"><ele>198.60</ele></trkpt>
      <trkpt lat="50.049058" lon="20.076473"><ele>199.00</ele></trkpt>
      <trkpt lat="50.049071" lon="20.07654"><ele>199.20</ele></trkpt>
      <trkpt lat="50.049085" lon="20.076608"><ele>199.40</ele></trkpt>
      <trkpt lat="50.049098" lon="20.076677"><ele>199.60</ele></trkpt>
      <trkpt lat="50.049122" lon="20.076813"><ele>199.80</ele></trkpt>
      <trkpt lat="50.049167" lon="20.077065"><ele>200.00</ele></trkpt>
      <trkpt lat="50.049197" lon="20.077275"><ele>199.60</ele></trkpt>
      <trkpt lat="50.049315" lon="20.07797"><ele>198.60</ele></trkpt>
      <trkpt lat="50.049371" lon="20.078324"><ele>198.00</ele></trkpt>
      <trkpt lat="50.049414" lon="20.078582"><ele>198.00</ele></trkpt>
      <trkpt lat="50.049433" lon="20.078718"><ele>198.20</ele></trkpt>
      <trkpt lat="50.049558" lon="20.079455"><ele>198.40</ele></trkpt>
      <trkpt lat="50.049607" lon="20.079737"><ele>198.40</ele></trkpt>
      <trkpt lat="50.049669" lon="20.080071"><ele>198.20</ele></trkpt>
      <trkpt lat="50.049703" lon="20.080283"><ele>198.00</ele></trkpt>
      <trkpt lat="50.049849" lon="20.081163"><ele>198.80</ele></trkpt>
      <trkpt lat="50.049863" lon="20.081245"><ele>198.80</ele></trkpt>
      <trkpt lat="50.049954" lon="20.081776"><ele>198.60</ele></trkpt>
      <trkpt lat="50.050014" lon="20.082149"><ele>198.40</ele></trkpt>
      <trkpt lat="50.050155" lon="20.083013"><ele>197.80</ele></trkpt>
      <trkpt lat="50.05028" lon="20.083811"><ele>197.40</ele></trkpt>
      <trkpt lat="50.050336" lon="20.084368"><ele>197.40</ele></trkpt>
      <trkpt lat="50.050349" lon="20.084544"><ele>197.40</ele></trkpt>
      <trkpt lat="50.050361" lon="20.085276"><ele>197.60</ele></trkpt>
      <trkpt lat="50.05035" lon="20.085667"><ele>198.20</ele></trkpt>
      <trkpt lat="50.050342" lon="20.085822"><ele>198.40</ele></trkpt>
      <trkpt lat="50.050336" lon="20.085894"><ele>198.60</ele></trkpt>
      <trkpt lat="50.050325" lon="20.086117"><ele>198.80</ele></trkpt>
      <trkpt lat="50.05029" lon="20.086418"><ele>198.00</ele></trkpt>
      <trkpt lat="50.050279" lon="20.086491"><ele>197.80</ele></trkpt>
      <trkpt lat="50.050168" lon="20.087054"><ele>198.40</ele></trkpt>
      <trkpt lat="50.049975" lon="20.087659"><ele>198.40</ele></trkpt>
      <trkpt lat="50.049826" lon="20.088005"><ele>198.20</ele></trkpt>
      <trkpt lat="50.049737" lon="20.088182"><ele>198.60</ele></trkpt>
      <trkpt lat="50.049551" lon="20.088501"><ele>197.60</ele></trkpt>
      <trkpt lat="50.049491" lon="20.088598"><ele>197.60</ele></trkpt>
      <trkpt lat="50.049208" lon="20.088949"><ele>198.60</ele></trkpt>
      <trkpt lat="50.049171" lon="20.088985"><ele>198.60</ele></trkpt>
      <trkpt lat="50.049024" lon="20.089143"><ele>199.20</ele></trkpt>
      <trkpt lat="50.048785" lon="20.089363"><ele>198.60</ele></trkpt>
      <trkpt lat="50.048383" lon="20.089675"><ele>198.40</ele></trkpt>
      <trkpt lat="50.047875" lon="20.089993"><ele>199.00</ele></trkpt>
      <trkpt lat="50.047832" lon="20.090013"><ele>199.20</ele></trkpt>
      <trkpt lat="50.047364" lon="20.090216"><ele>199.00</ele></trkpt>
      <trkpt lat="50.046995" lon="20.09029"><ele>198.20</ele></trkpt>
      <trkpt lat="50.046807" lon="20.090267"><ele>198.60</ele></trkpt>
      <trkpt lat="50.04677" lon="20.090265"><ele>198.80</ele></trkpt>
      <trkpt lat="50.046732" lon="20.090261"><ele>199.00</ele></trkpt>
      <trkpt lat="50.046695" lon="20.090255"><ele>199.00</ele></trkpt>
      <trkpt lat="50.046659" lon="20.090251"><ele>199.20</ele></trkpt>
      <trkpt lat="50.046433" lon="20.090224"><ele>199.20</ele></trkpt>
      <trkpt lat="50.046389" lon="20.090215"><ele>199.40</ele></trkpt>
      <trkpt lat="50.046357" lon="20.090193"><ele>199.40</ele></trkpt>
      <trkpt lat="50.046361" lon="20.09019"><ele>199.60</ele></trkpt>
      <trkpt lat="50.046234" lon="20.090187"><ele>196.20</ele></trkpt>
      <trkpt lat="50.046199" lon="20.090171"><ele>196.40</ele></trkpt>
      <trkpt lat="50.046032" lon="20.090123"><ele>196.80</ele></trkpt>
      <trkpt lat="50.045979" lon="20.090103"><ele>197.80</ele></trkpt>
      <trkpt lat="50.04584" lon="20.090042"><ele>197.40</ele></trkpt>
      <trkpt lat="50.045814" lon="20.090031"><ele>197.40</ele></trkpt>
      <trkpt lat="50.045764" lon="20.090006"><ele>198.20</ele></trkpt>
      <trkpt lat="50.045528" lon="20.089884"><ele>198.60</ele></trkpt>
      <trkpt lat="50.045443" lon="20.089841"><ele>198.80</ele></trkpt>
      <trkpt lat="50.045173" lon="20.089697"><ele>199.40</ele></trkpt>
      <trkpt lat="50.045095" lon="20.089657"><ele>200.00</ele></trkpt>
      <trkpt lat="50.045056" lon="20.089638"><ele>200.00</ele></trkpt>
      <trkpt lat="50.044859" lon="20.089564"><ele>201.20</ele></trkpt>
      <trkpt lat="50.044828" lon="20.089555"><ele>201.40</ele></trkpt>
      <trkpt lat="50.044766" lon="20.08954"><ele>201.00</ele></trkpt>
      <trkpt lat="50.044697" lon="20.08952"><ele>200.80</ele></trkpt>
      <trkpt lat="50.044625" lon="20.0895"><ele>200.40</ele></trkpt>
      <trkpt lat="50.044549" lon="20.089479"><ele>200.40</ele></trkpt>
      <trkpt lat="50.044338" lon="20.089419"><ele>201.00</ele></trkpt>
      <trkpt lat="50.044246" lon="20.089398"><ele>201.60</ele></trkpt>
      <trkpt lat="50.043828" lon="20.089295"><ele>201.20</ele></trkpt>
      <trkpt lat="50.043421" lon="20.089228"><ele>200.60</ele></trkpt>
      <trkpt lat="50.043374" lon="20.089222"><ele>200.80</ele></trkpt>
      <trkpt lat="50.04286" lon="20.089173"><ele>201.00</ele></trkpt>
      <trkpt lat="50.042321" lon="20.089167"><ele>201.60</ele></trkpt>
      <trkpt lat="50.04176" lon="20.089201"><ele>201.00</ele></trkpt>
      <trkpt lat="50.041716" lon="20.089207"><ele>201.40</ele></trkpt>
      <trkpt lat="50.041233" lon="20.089278"><ele>201.80</ele></trkpt>
      <trkpt lat="50.040917" lon="20.089342"><ele>202.00</ele></trkpt>
      <trkpt lat="50.040871" lon="20.08933"><ele>202.00</ele></trkpt>
      <trkpt lat="50.040855" lon="20.089274"><ele>201.80</ele></trkpt>
      <trkpt lat="50.040835" lon="20.089126"><ele>200.00</ele></trkpt>
      <trkpt lat="50.040816" lon="20.089096"><ele>199.20</ele></trkpt>
      <trkpt lat="50.040789" lon="20.089076"><ele>198.60</ele></trkpt>
      <trkpt lat="50.040712" lon="20.089062"><ele>197.20</ele></trkpt>
      <trkpt lat="50.040672" lon="20.08908"><ele>197.00</ele></trkpt>
      <trkpt lat="50.040327" lon="20.089201"><ele>197.00</ele></trkpt>
      <trkpt lat="50.039838" lon="20.089364"><ele>197.80</ele></trkpt>
      <trkpt lat="50.03976" lon="20.089392"><ele>198.00</ele></trkpt>
      <trkpt lat="50.039719" lon="20.089404"><ele>197.80</ele></trkpt>
      <trkpt lat="50.039459" lon="20.089503"><ele>196.80</ele></trkpt>
      <trkpt lat="50.039335" lon="20.08955"><ele>196.20</ele></trkpt>
      <trkpt lat="50.039256" lon="20.089585"><ele>195.80</ele></trkpt>
      <trkpt lat="50.039173" lon="20.08962"><ele>195.60</ele></trkpt>
      <trkpt lat="50.039132" lon="20.089639"><ele>195.60</ele></trkpt>
      <trkpt lat="50.039093" lon="20.089657"><ele>195.20</ele></trkpt>
      <trkpt lat="50.039053" lon="20.089674"><ele>195.20</ele></trkpt>
      <trkpt lat="50.038905" lon="20.089734"><ele>195.20</ele></trkpt>
      <trkpt lat="50.038749" lon="20.089799"><ele>195.00</ele></trkpt>
      <trkpt lat="50.038621" lon="20.089858"><ele>195.00</ele></trkpt>
      <trkpt lat="50.038331" lon="20.090017"><ele>195.20</ele></trkpt>
      <trkpt lat="50.038131" lon="20.090151"><ele>194.80</ele></trkpt>
      <trkpt lat="50.037975" lon="20.090265"><ele>193.80</ele></trkpt>
      <trkpt lat="50.037871" lon="20.090348"><ele>193.80</ele></trkpt>
      <trkpt lat="50.037651" lon="20.090557"><ele>194.00</ele></trkpt>
      <trkpt lat="50.037622" lon="20.090584"><ele>194.40</ele></trkpt>
      <trkpt lat="50.037349" lon="20.090892"><ele>194.00</ele></trkpt>
      <trkpt lat="50.037164" lon="20.091117"><ele>193.40</ele></trkpt>
      <trkpt lat="50.037046" lon="20.091266"><ele>192.80</ele></trkpt>
      <trkpt lat="50.036988" lon="20.091344"><ele>192.80</ele></trkpt>
      <trkpt lat="50.036745" lon="20.091608"><ele>192.60</ele></trkpt>
      <trkpt lat="50.036524" lon="20.091738"><ele>192.80</ele></trkpt>
      <trkpt lat="50.036452" lon="20.09176"><ele>193.40</ele></trkpt>
      <trkpt lat="50.036444" lon="20.091761"><ele>193.60</ele></trkpt>
      <trkpt lat="50.036447" lon="20.091756"><ele>193.60</ele></trkpt>
      <trkpt lat="50.036463" lon="20.091821"><ele>193.60</ele></trkpt>
      <trkpt lat="50.036485" lon="20.091819"><ele>193.20</ele></trkpt>
      <trkpt lat="50.036622" lon="20.091769"><ele>191.60</ele></trkpt>
      <trkpt lat="50.036751" lon="20.091804"><ele>192.00</ele></trkpt>
      <trkpt lat="50.036773" lon="20.091811"><ele>192.80</ele></trkpt>
      <trkpt lat="50.036814" lon="20.091826"><ele>194.00</ele></trkpt>
      <trkpt lat="50.036846" lon="20.091837"><ele>193.80</ele></trkpt>
      <trkpt lat="50.036878" lon="20.091881"><ele>193.00</ele></trkpt>
      <trkpt lat="50.036874" lon="20.091891"><ele>192.40</ele></trkpt>
      <trkpt lat="50.036876" lon="20.091892"><ele>192.20</ele></trkpt>
      <trkpt lat="50.036874" lon="20.091965"><ele>186.40</ele></trkpt>
      <trkpt lat="50.036865" lon="20.09198"><ele>186.20</ele></trkpt>
      <trkpt lat="50.03685" lon="20.09201"><ele>186.20</ele></trkpt>
      <trkpt lat="50.036729" lon="20.092258"><ele>187.20</ele></trkpt>
      <trkpt lat="50.036708" lon="20.092305"><ele>188.20</ele></trkpt>
      <trkpt lat="50.036668" lon="20.092413"><ele>190.00</ele></trkpt>
      <trkpt lat="50.03663" lon="20.092512"><ele>191.20</ele></trkpt>
      <trkpt lat="50.036573" lon="20.09266"><ele>192.60</ele></trkpt>
      <trkpt lat="50.036555" lon="20.09271"><ele>193.00</ele></trkpt>
      <trkpt lat="50.036537" lon="20.09276"><ele>193.60</ele></trkpt>
      <trkpt lat="50.036469" lon="20.092962"><ele>194.80</ele></trkpt>
      <trkpt lat="50.036392" lon="20.093221"><ele>194.20</ele></trkpt>
      <trkpt lat="50.036377" lon="20.093274"><ele>194.40</ele></trkpt>
      <trkpt lat="50.036289" lon="20.09363"><ele>195.60</ele></trkpt>
      <trkpt lat="50.036266" lon="20.093739"><ele>195.60</ele></trkpt>
      <trkpt lat="50.036234" lon="20.093893"><ele>195.60</ele></trkpt>
      <trkpt lat="50.036164" lon="20.094325"><ele>194.40</ele></trkpt>
      <trkpt lat="50.036137" lon="20.09455"><ele>193.80</ele></trkpt>
      <trkpt lat="50.036114" lon="20.094766"><ele>193.60</ele></trkpt>
      <trkpt lat="50.036109" lon="20.094818"><ele>193.40</ele></trkpt>
      <trkpt lat="50.036103" lon="20.094874"><ele>193.20</ele></trkpt>
      <trkpt lat="50.036093" lon="20.095108"><ele>192.80</ele></trkpt>
      <trkpt lat="50.036091" lon="20.095171"><ele>192.60</ele></trkpt>
      <trkpt lat="50.036083" lon="20.095387"><ele>192.20</ele></trkpt>
      <trkpt lat="50.036081" lon="20.095602"><ele>192.00</ele></trkpt>
      <trkpt lat="50.036092" lon="20.095863"><ele>191.80</ele></trkpt>
      <trkpt lat="50.036099" lon="20.095977"><ele>192.00</ele></trkpt>
      <trkpt lat="50.03611" lon="20.096199"><ele>192.60</ele></trkpt>
      <trkpt lat="50.036129" lon="20.096459"><ele>192.60</ele></trkpt>
      <trkpt lat="50.036133" lon="20.096506"><ele>192.40</ele></trkpt>
      <trkpt lat="50.036149" lon="20.096676"><ele>192.20</ele></trkpt>
      <trkpt lat="50.036166" lon="20.096864"><ele>191.40</ele></trkpt>
      <trkpt lat="50.036171" lon="20.096929"><ele>191.20</ele></trkpt>
      <trkpt lat="50.036183" lon="20.097049"><ele>191.20</ele></trkpt>
      <trkpt lat="50.036205" lon="20.097275"><ele>191.40</ele></trkpt>
      <trkpt lat="50.036208" lon="20.097416"><ele>191.20</ele></trkpt>
      <trkpt lat="50.036178" lon="20.097665"><ele>192.60</ele></trkpt>
      <trkpt lat="50.036161" lon="20.097708"><ele>193.00</ele></trkpt>
      <trkpt lat="50.036122" lon="20.097785"><ele>193.80</ele></trkpt>
      <trkpt lat="50.03601" lon="20.097906"><ele>194.60</ele></trkpt>
      <trkpt lat="50.035981" lon="20.097931"><ele>195.00</ele></trkpt>
      <trkpt lat="50.03584" lon="20.097974"><ele>195.40</ele></trkpt>
      <trkpt lat="50.035726" lon="20.098018"><ele>195.60</ele></trkpt>
      <trkpt lat="50.035646" lon="20.098052"><ele>195.80</ele></trkpt>
      <trkpt lat="50.035489" lon="20.098116"><ele>195.20</ele></trkpt>
      <trkpt lat="50.035316" lon="20.098137"><ele>195.20</ele></trkpt>
      <trkpt lat="50.03529" lon="20.098138"><ele>195.00</ele></trkpt>
      <trkpt lat="50.035287" lon="20.098139"><ele>195.00</ele></trkpt>
      <trkpt lat="50.035232" lon="20.098137"><ele>190.00</ele></trkpt>
      <trkpt lat="50.035114" lon="20.098122"><ele>190.60</ele></trkpt>
      <trkpt lat="50.03492" lon="20.098051"><ele>191.00</ele></trkpt>
      <trkpt lat="50.034874" lon="20.098026"><ele>191.20</ele></trkpt>
      <trkpt lat="50.034707" lon="20.097931"><ele>191.40</ele></trkpt>
      <trkpt lat="50.034486" lon="20.097796"><ele>192.20</ele></trkpt>
      <trkpt lat="50.034307" lon="20.097694"><ele>193.20</ele></trkpt>
      <trkpt lat="50.034236" lon="20.097652"><ele>193.40</ele></trkpt>
      <trkpt lat="50.034142" lon="20.097594"><ele>193.80</ele></trkpt>
      <trkpt lat="50.03396" lon="20.097428"><ele>194.40</ele></trkpt>
      <trkpt lat="50.033874" lon="20.097336"><ele>194.40</ele></trkpt>
      <trkpt lat="50.03367" lon="20.097039"><ele>194.60</ele></trkpt>
      <trkpt lat="50.033471" lon="20.096743"><ele>195.00</ele></trkpt>
      <trkpt lat="50.03339" lon="20.09664"><ele>194.60</ele></trkpt>
      <trkpt lat="50.033124" lon="20.09637"><ele>194.80</ele></trkpt>
      <trkpt lat="50.032896" lon="20.096205"><ele>195.20</ele></trkpt>
      <trkpt lat="50.032777" lon="20.096145"><ele>195.60</ele></trkpt>
      <trkpt lat="50.032546" lon="20.096045"><ele>195.20</ele></trkpt>
      <trkpt lat="50.032344" lon="20.095981"><ele>195.60</ele></trkpt>
      <trkpt lat="50.032269" lon="20.095965"><ele>196.20</ele></trkpt>
      <trkpt lat="50.032239" lon="20.095953"><ele>196.80</ele></trkpt>
      <trkpt lat="50.032169" lon="20.095957"><ele>197.20</ele></trkpt>
      <trkpt lat="50.032117" lon="20.095936"><ele>196.80</ele></trkpt>
      <trkpt lat="50.03211" lon="20.095936"><ele>196.40</ele></trkpt>
      <trkpt lat="50.03208" lon="20.095963"><ele>195.80</ele></trkpt>
      <trkpt lat="50.032067" lon="20.095987"><ele>196.00</ele></trkpt>
      <trkpt lat="50.032062" lon="20.096024"><ele>196.00</ele></trkpt>
      <trkpt lat="50.032063" lon="20.096161"><ele>195.60</ele></trkpt>
      <trkpt lat="50.032068" lon="20.096535"><ele>194.60</ele></trkpt>
      <trkpt lat="50.032134" lon="20.096707"><ele>194.40</ele></trkpt>
      <trkpt lat="50.032241" lon="20.096765"><ele>193.60</ele></trkpt>
      <trkpt lat="50.032326" lon="20.096788"><ele>192.40</ele></trkpt>
      <trkpt lat="50.032338" lon="20.096786"><ele>192.20</ele></trkpt>
      <trkpt lat="50.032406" lon="20.096791"><ele>191.60</ele></trkpt>
      <trkpt lat="50.032418" lon="20.096811"><ele>191.40</ele></trkpt>
      <trkpt lat="50.032433" lon="20.096825"><ele>191.40</ele></trkpt>
      <trkpt lat="50.032493" lon="20.096846"><ele>190.60</ele></trkpt>
      <trkpt lat="50.032536" lon="20.096867"><ele>190.40</ele></trkpt>
      <trkpt lat="50.032654" lon="20.096912"><ele>189.60</ele></trkpt>
      <trkpt lat="50.032784" lon="20.096971"><ele>189.20</ele></trkpt>
      <trkpt lat="50.032851" lon="20.097003"><ele>189.00</ele></trkpt>
      <trkpt lat="50.032916" lon="20.097056"><ele>188.80</ele></trkpt>
      <trkpt lat="50.032979" lon="20.097112"><ele>189.00</ele></trkpt>
      <trkpt lat="50.03307" lon="20.097209"><ele>189.60</ele></trkpt>
      <trkpt lat="50.03313" lon="20.097287"><ele>190.20</ele></trkpt>
      <trkpt lat="50.033158" lon="20.09733"><ele>190.60</ele></trkpt>
      <trkpt lat="50.033216" lon="20.097408"><ele>190.80</ele></trkpt>
      <trkpt lat="50.033245" lon="20.097446"><ele>191.00</ele></trkpt>
      <trkpt lat="50.033299" lon="20.097519"><ele>190.80</ele></trkpt>
      <trkpt lat="50.033465" lon="20.097759"><ele>190.40</ele></trkpt>
      <trkpt lat="50.03359" lon="20.097912"><ele>190.20</ele></trkpt>
      <trkpt lat="50.033932" lon="20.098228"><ele>190.00</ele></trkpt>
      <trkpt lat="50.034004" lon="20.098275"><ele>190.20</ele></trkpt>
      <trkpt lat="50.034397" lon="20.098543"><ele>191.00</ele></trkpt>
      <trkpt lat="50.034631" lon="20.098722"><ele>191.00</ele></trkpt>
      <trkpt lat="50.035043" lon="20.098988"><ele>190.40</ele></trkpt>
      <trkpt lat="50.03508" lon="20.09901"><ele>190.40</ele></trkpt>
      <trkpt lat="50.035117" lon="20.099031"><ele>190.80</ele></trkpt>
      <trkpt lat="50.035195" lon="20.099078"><ele>191.20</ele></trkpt>
      <trkpt lat="50.035272" lon="20.099124"><ele>191.20</ele></trkpt>
      <trkpt lat="50.035471" lon="20.09924"><ele>191.20</ele></trkpt>
      <trkpt lat="50.035511" lon="20.099263"><ele>191.40</ele></trkpt>
      <trkpt lat="50.035664" lon="20.099359"><ele>191.60</ele></trkpt>
      <trkpt lat="50.035698" lon="20.099379"><ele>191.60</ele></trkpt>
      <trkpt lat="50.035736" lon="20.099398"><ele>191.60</ele></trkpt>
      <trkpt lat="50.035777" lon="20.099422"><ele>191.60</ele></trkpt>
      <trkpt lat="50.036161" lon="20.099653"><ele>192.20</ele></trkpt>
      <trkpt lat="50.036272" lon="20.099722"><ele>192.40</ele></trkpt>
      <trkpt lat="50.036311" lon="20.099743"><ele>192.60</ele></trkpt>
      <trkpt lat="50.036455" lon="20.099832"><ele>192.80</ele></trkpt>
      <trkpt lat="50.036716" lon="20.099988"><ele>193.80</ele></trkpt>
      <trkpt lat="50.036755" lon="20.100018"><ele>193.80</ele></trkpt>
      <trkpt lat="50.037044" lon="20.100236"><ele>193.20</ele></trkpt>
      <trkpt lat="50.037198" lon="20.100356"><ele>193.40</ele></trkpt>
      <trkpt lat="50.037364" lon="20.100501"><ele>193.40</ele></trkpt>
      <trkpt lat="50.037686" lon="20.100841"><ele>193.80</ele></trkpt>
      <trkpt lat="50.037757" lon="20.100921"><ele>193.60</ele></trkpt>
      <trkpt lat="50.03799" lon="20.101179"><ele>194.20</ele></trkpt>
      <trkpt lat="50.038189" lon="20.101409"><ele>194.80</ele></trkpt>
      <trkpt lat="50.038313" lon="20.101563"><ele>194.60</ele></trkpt>
      <trkpt lat="50.038375" lon="20.101643"><ele>194.60</ele></trkpt>
      <trkpt lat="50.038639" lon="20.10198"><ele>196.00</ele></trkpt>
      <trkpt lat="50.038846" lon="20.102243"><ele>196.80</ele></trkpt>
      <trkpt lat="50.038908" lon="20.102321"><ele>197.00</ele></trkpt>
      <trkpt lat="50.039224" lon="20.10272"><ele>196.40</ele></trkpt>
      <trkpt lat="50.039524" lon="20.103103"><ele>196.00</ele></trkpt>
      <trkpt lat="50.039586" lon="20.103183"><ele>196.00</ele></trkpt>
      <trkpt lat="50.039906" lon="20.103592"><ele>196.20</ele></trkpt>
      <trkpt lat="50.040231" lon="20.104056"><ele>195.80</ele></trkpt>
      <trkpt lat="50.0405" lon="20.104541"><ele>195.40</ele></trkpt>
      <trkpt lat="50.040757" lon="20.105156"><ele>195.60</ele></trkpt>
      <trkpt lat="50.040934" lon="20.105709"><ele>196.00</ele></trkpt>
      <trkpt lat="50.041044" lon="20.106138"><ele>196.20</ele></trkpt>
      <trkpt lat="50.041135" lon="20.106587"><ele>194.80</ele></trkpt>
      <trkpt lat="50.041157" lon="20.106702"><ele>194.60</ele></trkpt>
      <trkpt lat="50.041222" lon="20.10701"><ele>194.40</ele></trkpt>
      <trkpt lat="50.041312" lon="20.107437"><ele>195.00</ele></trkpt>
      <trkpt lat="50.041345" lon="20.107634"><ele>195.00</ele></trkpt>
      <trkpt lat="50.041378" lon="20.107823"><ele>194.80</ele></trkpt>
      <trkpt lat="50.041407" lon="20.108009"><ele>195.20</ele></trkpt>
      <trkpt lat="50.041424" lon="20.10813"><ele>195.60</ele></trkpt>
      <trkpt lat="50.041472" lon="20.108583"><ele>195.60</ele></trkpt>
      <trkpt lat="50.041499" lon="20.109373"><ele>194.80</ele></trkpt>
      <trkpt lat="50.041501" lon="20.109579"><ele>194.20</ele></trkpt>
      <trkpt lat="50.041496" lon="20.109894"><ele>194.00</ele></trkpt>
      <trkpt lat="50.041483" lon="20.110081"><ele>193.80</ele></trkpt>
      <trkpt lat="50.041461" lon="20.110331"><ele>193.00</ele></trkpt>
      <trkpt lat="50.041455" lon="20.110454"><ele>192.80</ele></trkpt>
      <trkpt lat="50.04141" lon="20.110841"><ele>192.20</ele></trkpt>
      <trkpt lat="50.041403" lon="20.110901"><ele>192.20</ele></trkpt>
      <trkpt lat="50.041355" lon="20.111204"><ele>191.80</ele></trkpt>
      <trkpt lat="50.041344" lon="20.111261"><ele>191.60</ele></trkpt>
      <trkpt lat="50.041312" lon="20.111433"><ele>191.20</ele></trkpt>
      <trkpt lat="50.041277" lon="20.111615"><ele>190.40</ele></trkpt>
      <trkpt lat="50.041193" lon="20.111993"><ele>189.20</ele></trkpt>
      <trkpt lat="50.04118" lon="20.112058"><ele>189.00</ele></trkpt>
      <trkpt lat="50.041162" lon="20.112118"><ele>188.80</ele></trkpt>
      <trkpt lat="50.04113" lon="20.112237"><ele>188.60</ele></trkpt>
      <trkpt lat="50.041116" lon="20.112301"><ele>188.60</ele></trkpt>
      <trkpt lat="50.041071" lon="20.112483"><ele>188.20</ele></trkpt>
      <trkpt lat="50.041056" lon="20.112541"><ele>188.20</ele></trkpt>
      <trkpt lat="50.040905" lon="20.113106"><ele>187.00</ele></trkpt>
      <trkpt lat="50.040713" lon="20.113788"><ele>186.80</ele></trkpt>
      <trkpt lat="50.040574" lon="20.11429"><ele>188.00</ele></trkpt>
      <trkpt lat="50.040559" lon="20.11434"><ele>188.20</ele></trkpt>
      <trkpt lat="50.04047" lon="20.114673"><ele>187.80</ele></trkpt>
      <trkpt lat="50.040456" lon="20.114715"><ele>187.60</ele></trkpt>
      <trkpt lat="50.040418" lon="20.114854"><ele>187.40</ele></trkpt>
      <trkpt lat="50.040394" lon="20.114957"><ele>187.20</ele></trkpt>
      <trkpt lat="50.040329" lon="20.115191"><ele>188.20</ele></trkpt>
      <trkpt lat="50.040173" lon="20.115761"><ele>189.20</ele></trkpt>
      <trkpt lat="50.04008" lon="20.116241"><ele>188.40</ele></trkpt>
      <trkpt lat="50.039966" lon="20.116838"><ele>188.40</ele></trkpt>
      <trkpt lat="50.03987" lon="20.117373"><ele>188.60</ele></trkpt>
      <trkpt lat="50.039765" lon="20.117907"><ele>189.40</ele></trkpt>
      <trkpt lat="50.039724" lon="20.118058"><ele>188.80</ele></trkpt>
      <trkpt lat="50.039704" lon="20.118132"><ele>188.20</ele></trkpt>
      <trkpt lat="50.039698" lon="20.118149"><ele>187.60</ele></trkpt>
      <trkpt lat="50.039698" lon="20.118146"><ele>187.40</ele></trkpt>
      <trkpt lat="50.039691" lon="20.118215"><ele>187.20</ele></trkpt>
      <trkpt lat="50.039681" lon="20.118263"><ele>187.20</ele></trkpt>
      <trkpt lat="50.039674" lon="20.118303"><ele>187.00</ele></trkpt>
      <trkpt lat="50.039634" lon="20.118527"><ele>186.60</ele></trkpt>
      <trkpt lat="50.039597" lon="20.118732"><ele>186.40</ele></trkpt>
      <trkpt lat="50.039566" lon="20.118914"><ele>186.20</ele></trkpt>
      <trkpt lat="50.039557" lon="20.118959"><ele>186.00</ele></trkpt>
      <trkpt lat="50.039539" lon="20.119045"><ele>185.80</ele></trkpt>
      <trkpt lat="50.039495" lon="20.119269"><ele>185.80</ele></trkpt>
      <trkpt lat="50.039448" lon="20.119486"><ele>185.60</ele></trkpt>
      <trkpt lat="50.039426" lon="20.119607"><ele>185.80</ele></trkpt>
      <trkpt lat="50.039349" lon="20.120049"><ele>186.00</ele></trkpt>
      <trkpt lat="50.039306" lon="20.120291"><ele>186.00</ele></trkpt>
      <trkpt lat="50.039239" lon="20.120649"><ele>185.60</ele></trkpt>
      <trkpt lat="50.039171" lon="20.120995"><ele>185.80</ele></trkpt>
      <trkpt lat="50.039106" lon="20.121342"><ele>185.00</ele></trkpt>
      <trkpt lat="50.039065" lon="20.121539"><ele>184.40</ele></trkpt>
      <trkpt lat="50.039056" lon="20.121577"><ele>184.40</ele></trkpt>
      <trkpt lat="50.039045" lon="20.121637"><ele>184.40</ele></trkpt>
      <trkpt lat="50.039002" lon="20.121892"><ele>184.00</ele></trkpt>
      <trkpt lat="50.038992" lon="20.121954"><ele>183.80</ele></trkpt>
      <trkpt lat="50.038989" lon="20.121986"><ele>183.80</ele></trkpt>
      <trkpt lat="50.038973" lon="20.122057"><ele>183.80</ele></trkpt>
      <trkpt lat="50.038951" lon="20.122153"><ele>183.80</ele></trkpt>
      <trkpt lat="50.038938" lon="20.122222"><ele>183.80</ele></trkpt>
      <trkpt lat="50.038921" lon="20.122328"><ele>183.60</ele></trkpt>
      <trkpt lat="50.038906" lon="20.122394"><ele>183.60</ele></trkpt>
      <trkpt lat="50.038872" lon="20.12254"><ele>183.80</ele></trkpt>
      <trkpt lat="50.038849" lon="20.122649"><ele>183.80</ele></trkpt>
      <trkpt lat="50.03882" lon="20.122834"><ele>183.40</ele></trkpt>
      <trkpt lat="50.038782" lon="20.123044"><ele>183.00</ele></trkpt>
      <trkpt lat="50.038762" lon="20.123151"><ele>183.00</ele></trkpt>
      <trkpt lat="50.038677" lon="20.123636"><ele>183.80</ele></trkpt>
      <trkpt lat="50.038655" lon="20.12375"><ele>184.00</ele></trkpt>
      <trkpt lat="50.038572" lon="20.12422"><ele>184.20</ele></trkpt>
      <trkpt lat="50.038534" lon="20.124413"><ele>184.20</ele></trkpt>
      <trkpt lat="50.038454" lon="20.124818"><ele>184.00</ele></trkpt>
      <trkpt lat="50.038396" lon="20.125186"><ele>184.00</ele></trkpt>
      <trkpt lat="50.03839" lon="20.125221"><ele>183.80</ele></trkpt>
      <trkpt lat="50.03834" lon="20.125594"><ele>183.20</ele></trkpt>
      <trkpt lat="50.038332" lon="20.12568"><ele>182.80</ele></trkpt>
      <trkpt lat="50.038308" lon="20.125969"><ele>182.80</ele></trkpt>
      <trkpt lat="50.038296" lon="20.126346"><ele>183.40</ele></trkpt>
      <trkpt lat="50.038296" lon="20.126403"><ele>183.40</ele></trkpt>
      <trkpt lat="50.038293" lon="20.1265"><ele>183.20</ele></trkpt>
      <trkpt lat="50.038322" lon="20.126992"><ele>183.20</ele></trkpt>
      <trkpt lat="50.038368" lon="20.127482"><ele>183.80</ele></trkpt>
      <trkpt lat="50.038376" lon="20.127574"><ele>183.80</ele></trkpt>
      <trkpt lat="50.038403" lon="20.127759"><ele>183.80</ele></trkpt>
      <trkpt lat="50.038421" lon="20.127852"><ele>184.00</ele></trkpt>
      <trkpt lat="50.038435" lon="20.127938"><ele>184.20</ele></trkpt>
      <trkpt lat="50.038488" lon="20.128195"><ele>184.40</ele></trkpt>
      <trkpt lat="50.038495" lon="20.128231"><ele>184.40</ele></trkpt>
      <trkpt lat="50.038512" lon="20.128317"><ele>184.80</ele></trkpt>
      <trkpt lat="50.038533" lon="20.128419"><ele>185.00</ele></trkpt>
      <trkpt lat="50.038557" lon="20.128521"><ele>185.00</ele></trkpt>
      <trkpt lat="50.038611" lon="20.128725"><ele>184.80</ele></trkpt>
      <trkpt lat="50.038644" lon="20.128836"><ele>185.00</ele></trkpt>
      <trkpt lat="50.038775" lon="20.129217"><ele>185.60</ele></trkpt>
      <trkpt lat="50.038794" lon="20.129267"><ele>186.00</ele></trkpt>
      <trkpt lat="50.03895" lon="20.129621"><ele>186.80</ele></trkpt>
      <trkpt lat="50.038967" lon="20.129659"><ele>187.00</ele></trkpt>
      <trkpt lat="50.039157" lon="20.130048"><ele>187.60</ele></trkpt>
      <trkpt lat="50.039332" lon="20.130335"><ele>187.80</ele></trkpt>
      <trkpt lat="50.039389" lon="20.13044"><ele>188.00</ele></trkpt>
      <trkpt lat="50.039525" lon="20.130621"><ele>189.00</ele></trkpt>
      <trkpt lat="50.039541" lon="20.130638"><ele>189.20</ele></trkpt>
      <trkpt lat="50.039567" lon="20.130654"><ele>189.60</ele></trkpt>
      <trkpt lat="50.039594" lon="20.130692"><ele>194.60</ele></trkpt>
      <trkpt lat="50.03961" lon="20.13072"><ele>194.40</ele></trkpt>
      <trkpt lat="50.039698" lon="20.130832"><ele>193.60</ele></trkpt>
      <trkpt lat="50.039873" lon="20.131024"><ele>193.80</ele></trkpt>
      <trkpt lat="50.040056" lon="20.13125"><ele>194.20</ele></trkpt>
      <trkpt lat="50.040263" lon="20.131488"><ele>194.00</ele></trkpt>
      <trkpt lat="50.040338" lon="20.131576"><ele>194.00</ele></trkpt>
      <trkpt lat="50.040471" lon="20.13173"><ele>193.80</ele></trkpt>
      <trkpt lat="50.040499" lon="20.131763"><ele>194.00</ele></trkpt>
      <trkpt lat="50.040661" lon="20.13195"><ele>194.00</ele></trkpt>
      <trkpt lat="50.0408" lon="20.132114"><ele>193.80</ele></trkpt>
      <trkpt lat="50.040849" lon="20.132173"><ele>194.00</ele></trkpt>
      <trkpt lat="50.040959" lon="20.132304"><ele>194.00</ele></trkpt>
      <trkpt lat="50.041069" lon="20.132438"><ele>193.80</ele></trkpt>
      <trkpt lat="50.041128" lon="20.132502"><ele>194.20</ele></trkpt>
      <trkpt lat="50.041189" lon="20.132566"><ele>194.60</ele></trkpt>
      <trkpt lat="50.041217" lon="20.132596"><ele>194.60</ele></trkpt>
      <trkpt lat="50.041274" lon="20.132662"><ele>194.60</ele></trkpt>
      <trkpt lat="50.041358" lon="20.132768"><ele>194.40</ele></trkpt>
      <trkpt lat="50.041387" lon="20.132803"><ele>194.20</ele></trkpt>
      <trkpt lat="50.041714" lon="20.13319"><ele>194.20</ele></trkpt>
      <trkpt lat="50.041749" lon="20.133232"><ele>194.40</ele></trkpt>
      <trkpt lat="50.042039" lon="20.133638"><ele>193.40</ele></trkpt>
      <trkpt lat="50.042281" lon="20.134003"><ele>194.40</ele></trkpt>
      <trkpt lat="50.042472" lon="20.13431"><ele>194.80</ele></trkpt>
      <trkpt lat="50.042545" lon="20.13444"><ele>194.80</ele></trkpt>
      <trkpt lat="50.042632" lon="20.134597"><ele>195.40</ele></trkpt>
      <trkpt lat="50.042735" lon="20.134809"><ele>195.40</ele></trkpt>
      <trkpt lat="50.042848" lon="20.13505"><ele>194.80</ele></trkpt>
      <trkpt lat="50.042912" lon="20.135195"><ele>194.40</ele></trkpt>
      <trkpt lat="50.043003" lon="20.13539"><ele>193.20</ele></trkpt>
      <trkpt lat="50.043021" lon="20.135425"><ele>192.80</ele></trkpt>
      <trkpt lat="50.043091" lon="20.135591"><ele>192.00</ele></trkpt>
      <trkpt lat="50.043139" lon="20.135707"><ele>192.00</ele></trkpt>
      <trkpt lat="50.043249" lon="20.135989"><ele>192.00</ele></trkpt>
      <trkpt lat="50.043388" lon="20.136372"><ele>191.00</ele></trkpt>
      <trkpt lat="50.043446" lon="20.13653"><ele>190.20</ele></trkpt>
      <trkpt lat="50.043477" lon="20.136612"><ele>190.00</ele></trkpt>
      <trkpt lat="50.043506" lon="20.136692"><ele>190.00</ele></trkpt>
      <trkpt lat="50.043631" lon="20.137084"><ele>190.20</ele></trkpt>
      <trkpt lat="50.043731" lon="20.137432"><ele>190.40</ele></trkpt>
      <trkpt lat="50.043833" lon="20.137792"><ele>189.20</ele></trkpt>
      <trkpt lat="50.043944" lon="20.138185"><ele>189.40</ele></trkpt>
      <trkpt lat="50.044045" lon="20.138561"><ele>189.40</ele></trkpt>
      <trkpt lat="50.044118" lon="20.138822"><ele>189.60</ele></trkpt>
      <trkpt lat="50.044153" lon="20.138954"><ele>189.40</ele></trkpt>
      <trkpt lat="50.04422" lon="20.139261"><ele>189.40</ele></trkpt>
      <trkpt lat="50.044295" lon="20.139665"><ele>189.20</ele></trkpt>
      <trkpt lat="50.044342" lon="20.140057"><ele>189.00</ele></trkpt>
      <trkpt lat="50.044344" lon="20.140101"><ele>188.80</ele></trkpt>
      <trkpt lat="50.044372" lon="20.140518"><ele>188.60</ele></trkpt>
      <trkpt lat="50.044378" lon="20.140682"><ele>188.40</ele></trkpt>
      <trkpt lat="50.044385" lon="20.140868"><ele>188.20</ele></trkpt>
      <trkpt lat="50.044393" lon="20.141349"><ele>188.20</ele></trkpt>
      <trkpt lat="50.044389" lon="20.141542"><ele>187.80</ele></trkpt>
      <trkpt lat="50.044386" lon="20.141682"><ele>187.60</ele></trkpt>
      <trkpt lat="50.04437" lon="20.141986"><ele>188.00</ele></trkpt>
      <trkpt lat="50.044366" lon="20.142025"><ele>188.00</ele></trkpt>
      <trkpt lat="50.044361" lon="20.142108"><ele>189.00</ele></trkpt>
      <trkpt lat="50.044355" lon="20.142207"><ele>189.40</ele></trkpt>
      <trkpt lat="50.044349" lon="20.142355"><ele>189.00</ele></trkpt>
      <trkpt lat="50.044339" lon="20.142454"><ele>188.80</ele></trkpt>
      <trkpt lat="50.044318" lon="20.14264"><ele>188.20</ele></trkpt>
      <trkpt lat="50.044304" lon="20.142769"><ele>187.80</ele></trkpt>
      <trkpt lat="50.044299" lon="20.142812"><ele>187.60</ele></trkpt>
      <trkpt lat="50.044283" lon="20.142932"><ele>187.40</ele></trkpt>
      <trkpt lat="50.044243" lon="20.143134"><ele>187.20</ele></trkpt>
      <trkpt lat="50.044174" lon="20.143434"><ele>188.80</ele></trkpt>
      <trkpt lat="50.044096" lon="20.143772"><ele>190.00</ele></trkpt>
      <trkpt lat="50.044062" lon="20.143928"><ele>191.40</ele></trkpt>
      <trkpt lat="50.044012" lon="20.144134"><ele>192.00</ele></trkpt>
      <trkpt lat="50.043904" lon="20.144561"><ele>190.80</ele></trkpt>
      <trkpt lat="50.043871" lon="20.144695"><ele>190.40</ele></trkpt>
      <trkpt lat="50.043859" lon="20.144745"><ele>190.20</ele></trkpt>
      <trkpt lat="50.043814" lon="20.144922"><ele>189.40</ele></trkpt>
      <trkpt lat="50.043791" lon="20.145011"><ele>189.20</ele></trkpt>
      <trkpt lat="50.043781" lon="20.145058"><ele>189.20</ele></trkpt>
      <trkpt lat="50.043693" lon="20.145436"><ele>188.40</ele></trkpt>
      <trkpt lat="50.043625" lon="20.145724"><ele>190.40</ele></trkpt>
      <trkpt lat="50.043602" lon="20.14582"><ele>191.60</ele></trkpt>
      <trkpt lat="50.043556" lon="20.146015"><ele>192.60</ele></trkpt>
      <trkpt lat="50.043487" lon="20.146287"><ele>194.00</ele></trkpt>
      <trkpt lat="50.043462" lon="20.146414"><ele>195.20</ele></trkpt>
      <trkpt lat="50.043423" lon="20.146578"><ele>195.80</ele></trkpt>
      <trkpt lat="50.043394" lon="20.146685"><ele>195.60</ele></trkpt>
      <trkpt lat="50.043386" lon="20.146679"><ele>195.40</ele></trkpt>
      <trkpt lat="50.043339" lon="20.146822"><ele>185.40</ele></trkpt>
      <trkpt lat="50.043329" lon="20.146862"><ele>185.60</ele></trkpt>
      <trkpt lat="50.043287" lon="20.147018"><ele>186.60</ele></trkpt>
      <trkpt lat="50.043254" lon="20.147137"><ele>188.00</ele></trkpt>
      <trkpt lat="50.043244" lon="20.147182"><ele>188.20</ele></trkpt>
      <trkpt lat="50.043222" lon="20.147279"><ele>189.00</ele></trkpt>
      <trkpt lat="50.043194" lon="20.147422"><ele>190.40</ele></trkpt>
      <trkpt lat="50.043176" lon="20.147505"><ele>191.20</ele></trkpt>
      <trkpt lat="50.043165" lon="20.147549"><ele>191.60</ele></trkpt>
      <trkpt lat="50.043138" lon="20.147676"><ele>192.80</ele></trkpt>
      <trkpt lat="50.043108" lon="20.147818"><ele>194.20</ele></trkpt>
      <trkpt lat="50.043096" lon="20.147864"><ele>194.20</ele></trkpt>
      <trkpt lat="50.043048" lon="20.148081"><ele>195.60</ele></trkpt>
      <trkpt lat="50.043026" lon="20.148162"><ele>196.60</ele></trkpt>
      <trkpt lat="50.043006" lon="20.14824"><ele>197.60</ele></trkpt>
      <trkpt lat="50.042986" lon="20.14833"><ele>198.40</ele></trkpt>
      <trkpt lat="50.042965" lon="20.148424"><ele>198.80</ele></trkpt>
      <trkpt lat="50.04288" lon="20.148792"><ele>198.40</ele></trkpt>
      <trkpt lat="50.042844" lon="20.148927"><ele>198.40</ele></trkpt>
      <trkpt lat="50.04282" lon="20.149004"><ele>197.80</ele></trkpt>
      <trkpt lat="50.042788" lon="20.149125"><ele>197.20</ele></trkpt>
      <trkpt lat="50.042755" lon="20.149256"><ele>197.20</ele></trkpt>
      <trkpt lat="50.042736" lon="20.149347"><ele>197.60</ele></trkpt>
      <trkpt lat="50.042711" lon="20.149464"><ele>198.00</ele></trkpt>
      <trkpt lat="50.042635" lon="20.149759"><ele>198.20</ele></trkpt>
      <trkpt lat="50.042574" lon="20.150021"><ele>198.40</ele></trkpt>
      <trkpt lat="50.042525" lon="20.150225"><ele>198.80</ele></trkpt>
      <trkpt lat="50.04248" lon="20.150414"><ele>198.40</ele></trkpt>
      <trkpt lat="50.04243" lon="20.150625"><ele>199.00</ele></trkpt>
      <trkpt lat="50.04241" lon="20.150696"><ele>199.20</ele></trkpt>
      <trkpt lat="50.04238" lon="20.150814"><ele>200.00</ele></trkpt>
      <trkpt lat="50.042295" lon="20.150993"><ele>200.20</ele></trkpt>
      <trkpt lat="50.0421" lon="20.15114"><ele>200.00</ele></trkpt>
      <trkpt lat="50.04192" lon="20.151146"><ele>200.80</ele></trkpt>
      <trkpt lat="50.041872" lon="20.151133"><ele>201.00</ele></trkpt>
      <trkpt lat="50.041758" lon="20.151054"><ele>201.00</ele></trkpt>
      <trkpt lat="50.04167" lon="20.150936"><ele>201.00</ele></trkpt>
      <trkpt lat="50.041655" lon="20.150911"><ele>201.00</ele></trkpt>
      <trkpt lat="50.041638" lon="20.150884"><ele>201.20</ele></trkpt>
      <trkpt lat="50.041565" lon="20.150769"><ele>201.40</ele></trkpt>
      <trkpt lat="50.041509" lon="20.150673"><ele>201.20</ele></trkpt>
      <trkpt lat="50.04143" lon="20.150531"><ele>201.00</ele></trkpt>
      <trkpt lat="50.041369" lon="20.150418"><ele>202.20</ele></trkpt>
      <trkpt lat="50.041348" lon="20.150366"><ele>202.80</ele></trkpt>
      <trkpt lat="50.041295" lon="20.150277"><ele>200.80</ele></trkpt>
      <trkpt lat="50.041199" lon="20.150067"><ele>200.80</ele></trkpt>
      <trkpt lat="50.041133" lon="20.149889"><ele>202.00</ele></trkpt>
      <trkpt lat="50.041096" lon="20.149789"><ele>202.40</ele></trkpt>
      <trkpt lat="50.041002" lon="20.149445"><ele>201.20</ele></trkpt>
      <trkpt lat="50.040951" lon="20.149171"><ele>201.80</ele></trkpt>
      <trkpt lat="50.040944" lon="20.149132"><ele>202.20</ele></trkpt>
      <trkpt lat="50.040937" lon="20.149092"><ele>202.20</ele></trkpt>
      <trkpt lat="50.040849" lon="20.148782"><ele>201.00</ele></trkpt>
      <trkpt lat="50.040836" lon="20.148736"><ele>200.40</ele></trkpt>
      <trkpt lat="50.04081" lon="20.148638"><ele>199.40</ele></trkpt>
      <trkpt lat="50.040759" lon="20.148436"><ele>198.80</ele></trkpt>
      <trkpt lat="50.040741" lon="20.148364"><ele>198.60</ele></trkpt>
      <trkpt lat="50.040731" lon="20.148324"><ele>198.20</ele></trkpt>
      <trkpt lat="50.04068" lon="20.148158"><ele>197.20</ele></trkpt>
      <trkpt lat="50.040625" lon="20.147976"><ele>196.40</ele></trkpt>
      <trkpt lat="50.04056" lon="20.147735"><ele>196.20</ele></trkpt>
      <trkpt lat="50.040482" lon="20.147469"><ele>197.00</ele></trkpt>
      <trkpt lat="50.040466" lon="20.147422"><ele>197.20</ele></trkpt>
      <trkpt lat="50.040411" lon="20.14724"><ele>195.80</ele></trkpt>
      <trkpt lat="50.040387" lon="20.147164"><ele>195.80</ele></trkpt>
      <trkpt lat="50.04027" lon="20.146783"><ele>195.80</ele></trkpt>
      <trkpt lat="50.040232" lon="20.146641"><ele>195.60</ele></trkpt>
      <trkpt lat="50.040166" lon="20.146421"><ele>196.20</ele></trkpt>
      <trkpt lat="50.040065" lon="20.14613"><ele>196.00</ele></trkpt>
      <trkpt lat="50.039919" lon="20.1458"><ele>195.00</ele></trkpt>
      <trkpt lat="50.039859" lon="20.145662"><ele>197.00</ele></trkpt>
      <trkpt lat="50.039829" lon="20.145594"><ele>198.00</ele></trkpt>
      <trkpt lat="50.039797" lon="20.145525"><ele>198.40</ele></trkpt>
      <trkpt lat="50.039685" lon="20.145267"><ele>198.60</ele></trkpt>
      <trkpt lat="50.039648" lon="20.145184"><ele>199.20</ele></trkpt>
      <trkpt lat="50.039511" lon="20.144898"><ele>199.20</ele></trkpt>
      <trkpt lat="50.0394" lon="20.144675"><ele>199.60</ele></trkpt>
      <trkpt lat="50.039323" lon="20.144513"><ele>198.00</ele></trkpt>
      <trkpt lat="50.039242" lon="20.144373"><ele>196.80</ele></trkpt>
      <trkpt lat="50.039181" lon="20.14427"><ele>196.60</ele></trkpt>
      <trkpt lat="50.039027" lon="20.144017"><ele>197.00</ele></trkpt>
      <trkpt lat="50.038897" lon="20.143825"><ele>198.00</ele></trkpt>
      <trkpt lat="50.038815" lon="20.143818"><ele>199.20</ele></trkpt>
      <trkpt lat="50.038751" lon="20.143835"><ele>200.40</ele></trkpt>
      <trkpt lat="50.038727" lon="20.143852"><ele>200.40</ele></trkpt>
      <trkpt lat="50.038598" lon="20.144019"><ele>199.20</ele></trkpt>
      <trkpt lat="50.038576" lon="20.144047"><ele>199.20</ele></trkpt>
      <trkpt lat="50.038555" lon="20.144075"><ele>199.00</ele></trkpt>
      <trkpt lat="50.038535" lon="20.144105"><ele>198.80</ele></trkpt>
      <trkpt lat="50.038465" lon="20.14421"><ele>198.20</ele></trkpt>
      <trkpt lat="50.038401" lon="20.144316"><ele>197.40</ele></trkpt>
      <trkpt lat="50.038307" lon="20.144538"><ele>198.00</ele></trkpt>
      <trkpt lat="50.038261" lon="20.144708"><ele>198.40</ele></trkpt>
      <trkpt lat="50.038224" lon="20.144838"><ele>198.00</ele></trkpt>
      <trkpt lat="50.038203" lon="20.144899"><ele>197.60</ele></trkpt>
      <trkpt lat="50.038182" lon="20.145146"><ele>197.00</ele></trkpt>
      <trkpt lat="50.03825" lon="20.14523"><ele>195.60</ele></trkpt>
      <trkpt lat="50.038276" lon="20.145249"><ele>195.00</ele></trkpt>
      <trkpt lat="50.038321" lon="20.145306"><ele>194.20</ele></trkpt>
      <trkpt lat="50.03837" lon="20.14537"><ele>193.60</ele></trkpt>
      <trkpt lat="50.038417" lon="20.145438"><ele>193.20</ele></trkpt>
      <trkpt lat="50.038442" lon="20.145473"><ele>193.20</ele></trkpt>
      <trkpt lat="50.038487" lon="20.145536"><ele>192.80</ele></trkpt>
      <trkpt lat="50.038508" lon="20.145564"><ele>192.60</ele></trkpt>
      <trkpt lat="50.038528" lon="20.145596"><ele>192.40</ele></trkpt>
      <trkpt lat="50.038571" lon="20.14565"><ele>192.00</ele></trkpt>
      <trkpt lat="50.038645" lon="20.145744"><ele>191.40</ele></trkpt>
      <trkpt lat="50.038712" lon="20.145854"><ele>191.00</ele></trkpt>
      <trkpt lat="50.038799" lon="20.146039"><ele>190.60</ele></trkpt>
      <trkpt lat="50.038906" lon="20.146366"><ele>190.20</ele></trkpt>
      <trkpt lat="50.038957" lon="20.146536"><ele>190.40</ele></trkpt>
      <trkpt lat="50.039041" lon="20.146825"><ele>191.80</ele></trkpt>
      <trkpt lat="50.039057" lon="20.146882"><ele>191.80</ele></trkpt>
      <trkpt lat="50.039073" lon="20.146936"><ele>191.80</ele></trkpt>
      <trkpt lat="50.039106" lon="20.147051"><ele>191.60</ele></trkpt>
      <trkpt lat="50.039139" lon="20.147172"><ele>191.60</ele></trkpt>
      <trkpt lat="50.039274" lon="20.147656"><ele>190.80</ele></trkpt>
      <trkpt lat="50.039308" lon="20.14778"><ele>190.60</ele></trkpt>
      <trkpt lat="50.039364" lon="20.147978"><ele>190.20</ele></trkpt>
      <trkpt lat="50.039382" lon="20.148045"><ele>190.00</ele></trkpt>
      <trkpt lat="50.039519" lon="20.14867"><ele>190.20</ele></trkpt>
      <trkpt lat="50.039559" lon="20.148879"><ele>191.20</ele></trkpt>
      <trkpt lat="50.039593" lon="20.149026"><ele>192.20</ele></trkpt>
      <trkpt lat="50.039656" lon="20.149242"><ele>193.20</ele></trkpt>
      <trkpt lat="50.039679" lon="20.149313"><ele>193.40</ele></trkpt>
      <trkpt lat="50.03975" lon="20.149526"><ele>193.20</ele></trkpt>
      <trkpt lat="50.039915" lon="20.149884"><ele>192.20</ele></trkpt>
      <trkpt lat="50.040068" lon="20.150194"><ele>191.20</ele></trkpt>
      <trkpt lat="50.040089" lon="20.150236"><ele>191.00</ele></trkpt>
      <trkpt lat="50.040116" lon="20.150298"><ele>190.80</ele></trkpt>
      <trkpt lat="50.040116" lon="20.150303"><ele>190.80</ele></trkpt>
      <trkpt lat="50.040171" lon="20.150363"><ele>191.00</ele></trkpt>
      <trkpt lat="50.040183" lon="20.150392"><ele>190.80</ele></trkpt>
      <trkpt lat="50.040195" lon="20.150417"><ele>190.80</ele></trkpt>
      <trkpt lat="50.040209" lon="20.150443"><ele>190.60</ele></trkpt>
      <trkpt lat="50.04032" lon="20.150662"><ele>190.20</ele></trkpt>
      <trkpt lat="50.040338" lon="20.150694"><ele>190.00</ele></trkpt>
      <trkpt lat="50.040492" lon="20.151003"><ele>189.60</ele></trkpt>
      <trkpt lat="50.040533" lon="20.151085"><ele>189.20</ele></trkpt>
      <trkpt lat="50.040601" lon="20.151214"><ele>188.80</ele></trkpt>
      <trkpt lat="50.04064" lon="20.151302"><ele>188.80</ele></trkpt>
      <trkpt lat="50.040683" lon="20.151393"><ele>189.00</ele></trkpt>
      <trkpt lat="50.040706" lon="20.15144"><ele>189.20</ele></trkpt>
      <trkpt lat="50.040748" lon="20.15154"><ele>190.00</ele></trkpt>
      <trkpt lat="50.040792" lon="20.15164"><ele>191.00</ele></trkpt>
      <trkpt lat="50.040828" lon="20.151737"><ele>192.00</ele></trkpt>
      <trkpt lat="50.040861" lon="20.151823"><ele>193.20</ele></trkpt>
      <trkpt lat="50.040877" lon="20.151866"><ele>193.40</ele></trkpt>
      <trkpt lat="50.040984" lon="20.152172"><ele>192.80</ele></trkpt>
      <trkpt lat="50.041133" lon="20.152607"><ele>193.20</ele></trkpt>
      <trkpt lat="50.041219" lon="20.152877"><ele>194.20</ele></trkpt>
      <trkpt lat="50.041252" lon="20.152984"><ele>194.80</ele></trkpt>
      <trkpt lat="50.041311" lon="20.153187"><ele>194.40</ele></trkpt>
      <trkpt lat="50.041381" lon="20.153443"><ele>193.20</ele></trkpt>
      <trkpt lat="50.041443" lon="20.153654"><ele>192.40</ele></trkpt>
      <trkpt lat="50.041476" lon="20.153765"><ele>192.00</ele></trkpt>
      <trkpt lat="50.041542" lon="20.154128"><ele>191.00</ele></trkpt>
      <trkpt lat="50.04149" lon="20.154387"><ele>191.40</ele></trkpt>
      <trkpt lat="50.041451" lon="20.154477"><ele>192.20</ele></trkpt>
      <trkpt lat="50.041332" lon="20.154707"><ele>193.40</ele></trkpt>
      <trkpt lat="50.041286" lon="20.154805"><ele>194.60</ele></trkpt>
      <trkpt lat="50.041235" lon="20.154903"><ele>195.80</ele></trkpt>
      <trkpt lat="50.041132" lon="20.155097"><ele>196.80</ele></trkpt>
      <trkpt lat="50.040985" lon="20.155418"><ele>197.40</ele></trkpt>
      <trkpt lat="50.040963" lon="20.155469"><ele>198.00</ele></trkpt>
      <trkpt lat="50.040869" lon="20.155793"><ele>198.00</ele></trkpt>
      <trkpt lat="50.040843" lon="20.155925"><ele>197.00</ele></trkpt>
      <trkpt lat="50.040824" lon="20.156008"><ele>196.40</ele></trkpt>
      <trkpt lat="50.040804" lon="20.156097"><ele>195.60</ele></trkpt>
      <trkpt lat="50.040779" lon="20.156192"><ele>194.60</ele></trkpt>
      <trkpt lat="50.040724" lon="20.1564"><ele>192.80</ele></trkpt>
      <trkpt lat="50.040698" lon="20.156505"><ele>191.80</ele></trkpt>
      <trkpt lat="50.040641" lon="20.156701"><ele>190.40</ele></trkpt>
      <trkpt lat="50.040562" lon="20.156962"><ele>189.20</ele></trkpt>
      <trkpt lat="50.040561" lon="20.157128"><ele>188.80</ele></trkpt>
      <trkpt lat="50.040586" lon="20.157286"><ele>188.60</ele></trkpt>
      <trkpt lat="50.040643" lon="20.157423"><ele>188.60</ele></trkpt>
      <trkpt lat="50.040736" lon="20.157496"><ele>188.20</ele></trkpt>
      <trkpt lat="50.040786" lon="20.157498"><ele>188.00</ele></trkpt>
      <trkpt lat="50.040832" lon="20.157481"><ele>187.80</ele></trkpt>
      <trkpt lat="50.040918" lon="20.157407"><ele>187.80</ele></trkpt>
      <trkpt lat="50.040952" lon="20.157364"><ele>188.00</ele></trkpt>
      <trkpt lat="50.041069" lon="20.15725"><ele>188.20</ele></trkpt>
      <trkpt lat="50.041154" lon="20.15723"><ele>188.20</ele></trkpt>
      <trkpt lat="50.041243" lon="20.157241"><ele>188.00</ele></trkpt>
      <trkpt lat="50.041371" lon="20.157297"><ele>187.80</ele></trkpt>
      <trkpt lat="50.041669" lon="20.157515"><ele>187.60</ele></trkpt>
      <trkpt lat="50.041742" lon="20.157593"><ele>188.00</ele></trkpt>
      <trkpt lat="50.041814" lon="20.15768"><ele>188.00</ele></trkpt>
      <trkpt lat="50.041865" lon="20.157783"><ele>187.80</ele></trkpt>
      <trkpt lat="50.041888" lon="20.157839"><ele>188.00</ele></trkpt>
      <trkpt lat="50.041906" lon="20.157901"><ele>188.00</ele></trkpt>
      <trkpt lat="50.041929" lon="20.158033"><ele>188.00</ele></trkpt>
      <trkpt lat="50.041938" lon="20.158168"><ele>188.20</ele></trkpt>
      <trkpt lat="50.041953" lon="20.158886"><ele>189.00</ele></trkpt>
      <trkpt lat="50.041934" lon="20.159104"><ele>189.20</ele></trkpt>
      <trkpt lat="50.041887" lon="20.15941"><ele>189.40</ele></trkpt>
      <trkpt lat="50.041842" lon="20.159624"><ele>189.00</ele></trkpt>
      <trkpt lat="50.041783" lon="20.15998"><ele>189.00</ele></trkpt>
      <trkpt lat="50.041704" lon="20.160453"><ele>188.40</ele></trkpt>
      <trkpt lat="50.04168" lon="20.160655"><ele>188.00</ele></trkpt>
      <trkpt lat="50.04167" lon="20.160945"><ele>187.20</ele></trkpt>
      <trkpt lat="50.041672" lon="20.161006"><ele>187.20</ele></trkpt>
      <trkpt lat="50.041694" lon="20.161516"><ele>188.40</ele></trkpt>
      <trkpt lat="50.041625" lon="20.161764"><ele>189.20</ele></trkpt>
      <trkpt lat="50.041567" lon="20.161849"><ele>189.80</ele></trkpt>
      <trkpt lat="50.041529" lon="20.161879"><ele>190.20</ele></trkpt>
      <trkpt lat="50.041485" lon="20.161899"><ele>190.40</ele></trkpt>
      <trkpt lat="50.041147" lon="20.162009"><ele>191.20</ele></trkpt>
      <trkpt lat="50.041098" lon="20.162022"><ele>191.60</ele></trkpt>
      <trkpt lat="50.040953" lon="20.16203"><ele>192.00</ele></trkpt>
      <trkpt lat="50.040906" lon="20.162017"><ele>192.20</ele></trkpt>
      <trkpt lat="50.04086" lon="20.162009"><ele>192.40</ele></trkpt>
      <trkpt lat="50.040811" lon="20.162001"><ele>192.60</ele></trkpt>
      <trkpt lat="50.040715" lon="20.161965"><ele>193.00</ele></trkpt>
      <trkpt lat="50.040651" lon="20.161879"><ele>193.40</ele></trkpt>
      <trkpt lat="50.040632" lon="20.161827"><ele>193.60</ele></trkpt>
      <trkpt lat="50.040615" lon="20.16177"><ele>194.00</ele></trkpt>
      <trkpt lat="50.040564" lon="20.16161"><ele>194.80</ele></trkpt>
      <trkpt lat="50.040524" lon="20.161484"><ele>195.80</ele></trkpt>
      <trkpt lat="50.040494" lon="20.161401"><ele>196.80</ele></trkpt>
      <trkpt lat="50.04048" lon="20.161359"><ele>197.00</ele></trkpt>
      <trkpt lat="50.040467" lon="20.161322"><ele>197.40</ele></trkpt>
      <trkpt lat="50.040447" lon="20.161258"><ele>198.20</ele></trkpt>
      <trkpt lat="50.040429" lon="20.161235"><ele>199.00</ele></trkpt>
      <trkpt lat="50.040412" lon="20.161241"><ele>200.00</ele></trkpt>
      <trkpt lat="50.040404" lon="20.161264"><ele>200.60</ele></trkpt>
      <trkpt lat="50.040409" lon="20.16128"><ele>201.20</ele></trkpt>
      <trkpt lat="50.040414" lon="20.161287"><ele>201.40</ele></trkpt>
      <trkpt lat="50.040408" lon="20.161286"><ele>201.20</ele></trkpt>
      <trkpt lat="50.040435" lon="20.161402"><ele>197.40</ele></trkpt>
      <trkpt lat="50.040441" lon="20.161421"><ele>197.40</ele></trkpt>
      <trkpt lat="50.040452" lon="20.161465"><ele>197.20</ele></trkpt>
      <trkpt lat="50.040454" lon="20.161478"><ele>196.60</ele></trkpt>
      <trkpt lat="50.04047" lon="20.161576"><ele>195.40</ele></trkpt>
      <trkpt lat="50.040501" lon="20.161754"><ele>194.20</ele></trkpt>
      <trkpt lat="50.040522" lon="20.161899"><ele>193.40</ele></trkpt>
      <trkpt lat="50.040532" lon="20.161952"><ele>193.20</ele></trkpt>
      <trkpt lat="50.040538" lon="20.162022"><ele>193.00</ele></trkpt>
      <trkpt lat="50.040541" lon="20.162095"><ele>192.80</ele></trkpt>
      <trkpt lat="50.040542" lon="20.162181"><ele>192.80</ele></trkpt>
      <trkpt lat="50.040588" lon="20.1628"><ele>192.40</ele></trkpt>
      <trkpt lat="50.040597" lon="20.162882"><ele>192.20</ele></trkpt>
      <trkpt lat="50.040647" lon="20.163268"><ele>191.00</ele></trkpt>
      <trkpt lat="50.040658" lon="20.163343"><ele>190.80</ele></trkpt>
      <trkpt lat="50.040685" lon="20.163496"><ele>190.20</ele></trkpt>
      <trkpt lat="50.04071" lon="20.163644"><ele>190.00</ele></trkpt>
      <trkpt lat="50.040764" lon="20.163934"><ele>189.60</ele></trkpt>
      <trkpt lat="50.040779" lon="20.16401"><ele>189.40</ele></trkpt>
      <trkpt lat="50.040907" lon="20.164733"><ele>188.80</ele></trkpt>
      <trkpt lat="50.040924" lon="20.164815"><ele>188.80</ele></trkpt>
      <trkpt lat="50.041104" lon="20.165342"><ele>188.20</ele></trkpt>
      <trkpt lat="50.041168" lon="20.165482"><ele>188.20</ele></trkpt>
      <trkpt lat="50.0412" lon="20.165551"><ele>188.20</ele></trkpt>
      <trkpt lat="50.041235" lon="20.165614"><ele>188.20</ele></trkpt>
      <trkpt lat="50.041338" lon="20.165827"><ele>188.00</ele></trkpt>
      <trkpt lat="50.041406" lon="20.165971"><ele>188.00</ele></trkpt>
      <trkpt lat="50.041472" lon="20.166113"><ele>187.80</ele></trkpt>
      <trkpt lat="50.041771" lon="20.166688"><ele>187.40</ele></trkpt>
      <trkpt lat="50.04184" lon="20.166838"><ele>187.40</ele></trkpt>
      <trkpt lat="50.042117" lon="20.167594"><ele>187.00</ele></trkpt>
      <trkpt lat="50.042145" lon="20.16768"><ele>187.00</ele></trkpt>
      <trkpt lat="50.042199" lon="20.167851"><ele>186.80</ele></trkpt>
      <trkpt lat="50.042463" lon="20.168649"><ele>186.60</ele></trkpt>
      <trkpt lat="50.042492" lon="20.16874"><ele>186.60</ele></trkpt>
      <trkpt lat="50.04267" lon="20.16928"><ele>186.20</ele></trkpt>
      <trkpt lat="50.042777" lon="20.169621"><ele>186.80</ele></trkpt>
      <trkpt lat="50.042831" lon="20.169778"><ele>187.20</ele></trkpt>
      <trkpt lat="50.043039" lon="20.170384"><ele>187.80</ele></trkpt>
      <trkpt lat="50.043244" lon="20.170976"><ele>187.60</ele></trkpt>
      <trkpt lat="50.043394" lon="20.171445"><ele>187.60</ele></trkpt>
      <trkpt lat="50.043444" lon="20.171607"><ele>187.60</ele></trkpt>
      <trkpt lat="50.043577" lon="20.172007"><ele>187.40</ele></trkpt>
      <trkpt lat="50.043744" lon="20.17251"><ele>187.80</ele></trkpt>
      <trkpt lat="50.043787" lon="20.17264"><ele>187.80</ele></trkpt>
      <trkpt lat="50.04381" lon="20.172708"><ele>187.80</ele></trkpt>
      <trkpt lat="50.044005" lon="20.173282"><ele>187.80</ele></trkpt>
      <trkpt lat="50.044162" lon="20.17374"><ele>189.00</ele></trkpt>
      <trkpt lat="50.044281" lon="20.1741"><ele>189.20</ele></trkpt>
      <trkpt lat="50.044497" lon="20.174732"><ele>190.20</ele></trkpt>
      <trkpt lat="50.044521" lon="20.1748"><ele>190.20</ele></trkpt>
      <trkpt lat="50.044684" lon="20.175299"><ele>190.00</ele></trkpt>
      <trkpt lat="50.04487" lon="20.175892"><ele>189.20</ele></trkpt>
      <trkpt lat="50.04489" lon="20.175969"><ele>189.20</ele></trkpt>
      <trkpt lat="50.045015" lon="20.176459"><ele>188.80</ele></trkpt>
      <trkpt lat="50.045051" lon="20.176621"><ele>188.80</ele></trkpt>
      <trkpt lat="50.045148" lon="20.177051"><ele>188.60</ele></trkpt>
      <trkpt lat="50.045232" lon="20.17738"><ele>188.20</ele></trkpt>
      <trkpt lat="50.045255" lon="20.17746"><ele>188.00</ele></trkpt>
      <trkpt lat="50.045304" lon="20.17769"><ele>189.20</ele></trkpt>
      <trkpt lat="50.04534" lon="20.177848"><ele>190.80</ele></trkpt>
      <trkpt lat="50.045495" lon="20.178484"><ele>191.20</ele></trkpt>
      <trkpt lat="50.045532" lon="20.178645"><ele>191.40</ele></trkpt>
      <trkpt lat="50.045653" lon="20.179151"><ele>191.20</ele></trkpt>
      <trkpt lat="50.045795" lon="20.179765"><ele>190.20</ele></trkpt>
      <trkpt lat="50.045979" lon="20.180546"><ele>190.00</ele></trkpt>
      <trkpt lat="50.04608" lon="20.180992"><ele>189.80</ele></trkpt>
      <trkpt lat="50.046159" lon="20.181342"><ele>190.00</ele></trkpt>
      <trkpt lat="50.046199" lon="20.181507"><ele>191.20</ele></trkpt>
      <trkpt lat="50.04626" lon="20.181756"><ele>192.20</ele></trkpt>
      <trkpt lat="50.046332" lon="20.182069"><ele>192.00</ele></trkpt>
      <trkpt lat="50.046444" lon="20.182497"><ele>191.60</ele></trkpt>
      <trkpt lat="50.046437" lon="20.182539"><ele>191.60</ele></trkpt>
      <trkpt lat="50.046432" lon="20.18254"><ele>191.80</ele></trkpt>
      <trkpt lat="50.046437" lon="20.182536"><ele>193.60</ele></trkpt>
      <trkpt lat="50.046443" lon="20.182551"><ele>194.20</ele></trkpt>
      <trkpt lat="50.046438" lon="20.182557"><ele>194.20</ele></trkpt>
      <trkpt lat="50.04644" lon="20.18256"><ele>193.80</ele></trkpt>
      <trkpt lat="50.046447" lon="20.182571"><ele>193.40</ele></trkpt>
      <trkpt lat="50.046465" lon="20.182615"><ele>193.40</ele></trkpt>
      <trkpt lat="50.046478" lon="20.182656"><ele>192.60</ele></trkpt>
      <trkpt lat="50.046481" lon="20.182685"><ele>192.60</ele></trkpt>
      <trkpt lat="50.046474" lon="20.182711"><ele>194.00</ele></trkpt>
      <trkpt lat="50.046474" lon="20.182702"><ele>194.40</ele></trkpt>
      <trkpt lat="50.046632" lon="20.182506"><ele>192.60</ele></trkpt>
      <trkpt lat="50.046657" lon="20.182468"><ele>192.40</ele></trkpt>
      <trkpt lat="50.046701" lon="20.182416"><ele>191.80</ele></trkpt>
      <trkpt lat="50.046725" lon="20.182375"><ele>192.20</ele></trkpt>
      <trkpt lat="50.046482" lon="20.182707"><ele>201.20</ele></trkpt>
      <trkpt lat="50.046473" lon="20.18272"><ele>201.00</ele></trkpt>
      <trkpt lat="50.046454" lon="20.182714"><ele>201.00</ele></trkpt>
      <trkpt lat="50.046454" lon="20.182715"><ele>201.20</ele></trkpt>
      <trkpt lat="50.046494" lon="20.182714"><ele>203.60</ele></trkpt>
      <trkpt lat="50.046501" lon="20.182738"><ele>203.40</ele></trkpt>
      <trkpt lat="50.046519" lon="20.182842"><ele>203.00</ele></trkpt>
      <trkpt lat="50.046538" lon="20.182923"><ele>202.80</ele></trkpt>
      <trkpt lat="50.046563" lon="20.183015"><ele>202.60</ele></trkpt>
      <trkpt lat="50.046576" lon="20.18306"><ele>202.60</ele></trkpt>
      <trkpt lat="50.046588" lon="20.183109"><ele>202.60</ele></trkpt>
      <trkpt lat="50.0466" lon="20.183158"><ele>202.60</ele></trkpt>
      <trkpt lat="50.046635" lon="20.183325"><ele>202.60</ele></trkpt>
      <trkpt lat="50.046685" lon="20.183545"><ele>202.80</ele></trkpt>
      <trkpt lat="50.046741" lon="20.183799"><ele>203.60</ele></trkpt>
      <trkpt lat="50.046753" lon="20.183864"><ele>203.60</ele></trkpt>
      <trkpt lat="50.046815" lon="20.184302"><ele>204.40</ele></trkpt>
      <trkpt lat="50.04682" lon="20.184363"><ele>204.60</ele></trkpt>
      <trkpt lat="50.046826" lon="20.184425"><ele>204.80</ele></trkpt>
      <trkpt lat="50.04684" lon="20.184615"><ele>205.20</ele></trkpt>
      <trkpt lat="50.046842" lon="20.184677"><ele>205.40</ele></trkpt>
      <trkpt lat="50.046854" lon="20.184949"><ele>205.60</ele></trkpt>
      <trkpt lat="50.046857" lon="20.18524"><ele>205.60</ele></trkpt>
      <trkpt lat="50.046854" lon="20.185399"><ele>205.60</ele></trkpt>
      <trkpt lat="50.046834" lon="20.18563"><ele>205.60</ele></trkpt>
      <trkpt lat="50.046823" lon="20.185775"><ele>205.40</ele></trkpt>
      <trkpt lat="50.04678" lon="20.186151"><ele>204.40</ele></trkpt>
      <trkpt lat="50.046768" lon="20.186229"><ele>204.40</ele></trkpt>
      <trkpt lat="50.046603" lon="20.186989"><ele>205.60</ele></trkpt>
      <trkpt lat="50.046566" lon="20.187139"><ele>205.80</ele></trkpt>
      <trkpt lat="50.04649" lon="20.187437"><ele>206.40</ele></trkpt>
      <trkpt lat="50.046427" lon="20.187656"><ele>206.80</ele></trkpt>
      <trkpt lat="50.046408" lon="20.18773"><ele>206.60</ele></trkpt>
      <trkpt lat="50.046328" lon="20.188036"><ele>206.80</ele></trkpt>
      <trkpt lat="50.046308" lon="20.188103"><ele>207.00</ele></trkpt>
      <trkpt lat="50.046256" lon="20.188318"><ele>207.20</ele></trkpt>
      <trkpt lat="50.046108" lon="20.188907"><ele>207.80</ele></trkpt>
      <trkpt lat="50.045949" lon="20.189508"><ele>206.40</ele></trkpt>
      <trkpt lat="50.045887" lon="20.189735"><ele>206.00</ele></trkpt>
      <trkpt lat="50.045789" lon="20.190109"><ele>207.20</ele></trkpt>
      <trkpt lat="50.045573" lon="20.190943"><ele>207.40</ele></trkpt>
      <trkpt lat="50.045412" lon="20.191552"><ele>207.00</ele></trkpt>
      <trkpt lat="50.045393" lon="20.191629"><ele>207.00</ele></trkpt>
      <trkpt lat="50.045311" lon="20.191927"><ele>207.20</ele></trkpt>
      <trkpt lat="50.045181" lon="20.192384"><ele>208.20</ele></trkpt>
      <trkpt lat="50.045146" lon="20.192533"><ele>208.40</ele></trkpt>
      <trkpt lat="50.044954" lon="20.193317"><ele>207.80</ele></trkpt>
      <trkpt lat="50.044938" lon="20.193394"><ele>207.80</ele></trkpt>
      <trkpt lat="50.044865" lon="20.193713"><ele>207.20</ele></trkpt>
      <trkpt lat="50.044798" lon="20.193951"><ele>207.40</ele></trkpt>
      <trkpt lat="50.044728" lon="20.194185"><ele>207.20</ele></trkpt>
      <trkpt lat="50.044527" lon="20.194983"><ele>206.20</ele></trkpt>
      <trkpt lat="50.044507" lon="20.195059"><ele>206.20</ele></trkpt>
      <trkpt lat="50.044265" lon="20.195907"><ele>206.80</ele></trkpt>
      <trkpt lat="50.044077" lon="20.196531"><ele>207.20</ele></trkpt>
      <trkpt lat="50.043979" lon="20.196888"><ele>208.20</ele></trkpt>
      <trkpt lat="50.043919" lon="20.197098"><ele>207.80</ele></trkpt>
      <trkpt lat="50.043719" lon="20.197748"><ele>207.80</ele></trkpt>
      <trkpt lat="50.043643" lon="20.198042"><ele>208.40</ele></trkpt>
      <trkpt lat="50.043584" lon="20.198249"><ele>208.60</ele></trkpt>
      <trkpt lat="50.043563" lon="20.19832"><ele>208.60</ele></trkpt>
      <trkpt lat="50.043389" lon="20.1989"><ele>208.00</ele></trkpt>
      <trkpt lat="50.043155" lon="20.199707"><ele>208.60</ele></trkpt>
      <trkpt lat="50.043113" lon="20.199851"><ele>208.60</ele></trkpt>
      <trkpt lat="50.042911" lon="20.200546"><ele>209.40</ele></trkpt>
      <trkpt lat="50.042711" lon="20.201263"><ele>208.20</ele></trkpt>
      <trkpt lat="50.042692" lon="20.201337"><ele>208.00</ele></trkpt>
      <trkpt lat="50.042551" lon="20.201839"><ele>207.60</ele></trkpt>
      <trkpt lat="50.042501" lon="20.202046"><ele>207.40</ele></trkpt>
      <trkpt lat="50.042453" lon="20.202259"><ele>207.20</ele></trkpt>
      <trkpt lat="50.042403" lon="20.202536"><ele>207.00</ele></trkpt>
      <trkpt lat="50.04232" lon="20.203173"><ele>206.60</ele></trkpt>
      <trkpt lat="50.042291" lon="20.203684"><ele>206.00</ele></trkpt>
      <trkpt lat="50.042293" lon="20.203815"><ele>205.80</ele></trkpt>
      <trkpt lat="50.042294" lon="20.204002"><ele>206.40</ele></trkpt>
      <trkpt lat="50.042306" lon="20.204378"><ele>207.00</ele></trkpt>
      <trkpt lat="50.042328" lon="20.20476"><ele>207.20</ele></trkpt>
      <trkpt lat="50.042391" lon="20.205211"><ele>207.00</ele></trkpt>
      <trkpt lat="50.042495" lon="20.205838"><ele>206.00</ele></trkpt>
      <trkpt lat="50.042549" lon="20.206086"><ele>205.00</ele></trkpt>
      <trkpt lat="50.04263" lon="20.206404"><ele>205.40</ele></trkpt>
      <trkpt lat="50.042746" lon="20.206781"><ele>204.80</ele></trkpt>
      <trkpt lat="50.04279" lon="20.206908"><ele>204.00</ele></trkpt>
      <trkpt lat="50.042814" lon="20.206969"><ele>203.60</ele></trkpt>
      <trkpt lat="50.042956" lon="20.207338"><ele>203.40</ele></trkpt>
      <trkpt lat="50.043236" lon="20.207993"><ele>204.60</ele></trkpt>
      <trkpt lat="50.043468" lon="20.208466"><ele>203.80</ele></trkpt>
      <trkpt lat="50.043588" lon="20.208693"><ele>203.80</ele></trkpt>
      <trkpt lat="50.043635" lon="20.20881"><ele>203.60</ele></trkpt>
      <trkpt lat="50.043652" lon="20.208879"><ele>203.00</ele></trkpt>
      <trkpt lat="50.043645" lon="20.208866"><ele>202.80</ele></trkpt>
      <trkpt lat="50.043645" lon="20.208871"><ele>202.20</ele></trkpt>
      <trkpt lat="50.043646" lon="20.20887"><ele>202.00</ele></trkpt>
      <trkpt lat="50.043648" lon="20.208932"><ele>195.60</ele></trkpt>
      <trkpt lat="50.043667" lon="20.208981"><ele>195.20</ele></trkpt>
      <trkpt lat="50.043691" lon="20.20905"><ele>194.40</ele></trkpt>
      <trkpt lat="50.043728" lon="20.209164"><ele>193.40</ele></trkpt>
      <trkpt lat="50.043753" lon="20.209255"><ele>192.60</ele></trkpt>
      <trkpt lat="50.043801" lon="20.209377"><ele>192.20</ele></trkpt>
      <trkpt lat="50.043894" lon="20.209561"><ele>191.60</ele></trkpt>
      <trkpt lat="50.043952" lon="20.209659"><ele>191.20</ele></trkpt>
      <trkpt lat="50.044011" lon="20.209754"><ele>190.80</ele></trkpt>
      <trkpt lat="50.044069" lon="20.209843"><ele>190.60</ele></trkpt>
      <trkpt lat="50.044129" lon="20.209934"><ele>190.40</ele></trkpt>
      <trkpt lat="50.044197" lon="20.21004"><ele>190.00</ele></trkpt>
      <trkpt lat="50.044374" lon="20.210273"><ele>190.60</ele></trkpt>
      <trkpt lat="50.044526" lon="20.210532"><ele>190.80</ele></trkpt>
      <trkpt lat="50.044539" lon="20.210603"><ele>190.80</ele></trkpt>
      <trkpt lat="50.044547" lon="20.210668"><ele>191.00</ele></trkpt>
      <trkpt lat="50.044551" lon="20.210734"><ele>191.20</ele></trkpt>
      <trkpt lat="50.044558" lon="20.210848"><ele>191.60</ele></trkpt>
      <trkpt lat="50.044568" lon="20.210955"><ele>192.40</ele></trkpt>
      <trkpt lat="50.044555" lon="20.211109"><ele>192.80</ele></trkpt>
      <trkpt lat="50.044545" lon="20.211159"><ele>193.00</ele></trkpt>
      <trkpt lat="50.044527" lon="20.211265"><ele>193.00</ele></trkpt>
      <trkpt lat="50.044446" lon="20.211464"><ele>193.20</ele></trkpt>
      <trkpt lat="50.044412" lon="20.211493"><ele>193.20</ele></trkpt>
      <trkpt lat="50.044331" lon="20.211521"><ele>193.80</ele></trkpt>
      <trkpt lat="50.044293" lon="20.211545"><ele>194.40</ele></trkpt>
      <trkpt lat="50.04426" lon="20.211581"><ele>195.20</ele></trkpt>
      <trkpt lat="50.044222" lon="20.211678"><ele>196.80</ele></trkpt>
      <trkpt lat="50.044215" lon="20.211741"><ele>197.40</ele></trkpt>
      <trkpt lat="50.044215" lon="20.211805"><ele>197.60</ele></trkpt>
      <trkpt lat="50.044206" lon="20.211937"><ele>197.80</ele></trkpt>
      <trkpt lat="50.044187" lon="20.211998"><ele>197.80</ele></trkpt>
      <trkpt lat="50.044164" lon="20.212057"><ele>197.80</ele></trkpt>
      <trkpt lat="50.044076" lon="20.212286"><ele>198.40</ele></trkpt>
      <trkpt lat="50.043946" lon="20.212379"><ele>198.80</ele></trkpt>
      <trkpt lat="50.043916" lon="20.212407"><ele>198.80</ele></trkpt>
      <trkpt lat="50.043883" lon="20.212428"><ele>199.20</ele></trkpt>
      <trkpt lat="50.043811" lon="20.21246"><ele>199.40</ele></trkpt>
      <trkpt lat="50.043736" lon="20.212496"><ele>199.60</ele></trkpt>
      <trkpt lat="50.04366" lon="20.212526"><ele>200.00</ele></trkpt>
      <trkpt lat="50.043495" lon="20.212581"><ele>199.80</ele></trkpt>
      <trkpt lat="50.043408" lon="20.212604"><ele>199.40</ele></trkpt>
      <trkpt lat="50.04317" lon="20.212676"><ele>199.40</ele></trkpt>
      <trkpt lat="50.043004" lon="20.212734"><ele>199.40</ele></trkpt>
      <trkpt lat="50.042959" lon="20.212751"><ele>199.60</ele></trkpt>
      <trkpt lat="50.042913" lon="20.212766"><ele>199.80</ele></trkpt>
      <trkpt lat="50.042824" lon="20.2128"><ele>200.00</ele></trkpt>
      <trkpt lat="50.042472" lon="20.212912"><ele>199.80</ele></trkpt>
      <trkpt lat="50.042105" lon="20.213021"><ele>199.60</ele></trkpt>
      <trkpt lat="50.041786" lon="20.213135"><ele>200.20</ele></trkpt>
      <trkpt lat="50.041554" lon="20.213214"><ele>200.40</ele></trkpt>
      <trkpt lat="50.041465" lon="20.213243"><ele>200.40</ele></trkpt>
      <trkpt lat="50.041422" lon="20.213258"><ele>200.40</ele></trkpt>
      <trkpt lat="50.041163" lon="20.213358"><ele>200.60</ele></trkpt>
      <trkpt lat="50.041126" lon="20.21337"><ele>201.00</ele></trkpt>
      <trkpt lat="50.041041" lon="20.213404"><ele>200.60</ele></trkpt>
      <trkpt lat="50.041" lon="20.213421"><ele>200.40</ele></trkpt>
      <trkpt lat="50.040963" lon="20.213452"><ele>200.60</ele></trkpt>
      <trkpt lat="50.040833" lon="20.213529"><ele>200.80</ele></trkpt>
      <trkpt lat="50.040792" lon="20.213562"><ele>201.00</ele></trkpt>
      <trkpt lat="50.040521" lon="20.213843"><ele>200.60</ele></trkpt>
      <trkpt lat="50.040484" lon="20.213888"><ele>200.60</ele></trkpt>
      <trkpt lat="50.040229" lon="20.214179"><ele>200.40</ele></trkpt>
      <trkpt lat="50.040157" lon="20.214267"><ele>200.40</ele></trkpt>
      <trkpt lat="50.040121" lon="20.214309"><ele>200.40</ele></trkpt>
      <trkpt lat="50.039969" lon="20.214481"><ele>201.20</ele></trkpt>
      <trkpt lat="50.039957" lon="20.214495"><ele>201.00</ele></trkpt>
      <trkpt lat="50.03997" lon="20.214475"><ele>200.80</ele></trkpt>
      <trkpt lat="50.039978" lon="20.214469"><ele>200.60</ele></trkpt>
      <trkpt lat="50.03998" lon="20.214464"><ele>200.40</ele></trkpt>
      <trkpt lat="50.039927" lon="20.214538"><ele>193.20</ele></trkpt>
      <trkpt lat="50.039884" lon="20.214577"><ele>193.00</ele></trkpt>
      <trkpt lat="50.039702" lon="20.21479"><ele>194.40</ele></trkpt>
      <trkpt lat="50.039561" lon="20.214963"><ele>195.60</ele></trkpt>
      <trkpt lat="50.039532" lon="20.214993"><ele>195.80</ele></trkpt>
      <trkpt lat="50.039474" lon="20.215057"><ele>196.40</ele></trkpt>
      <trkpt lat="50.039444" lon="20.21509"><ele>196.60</ele></trkpt>
      <trkpt lat="50.039192" lon="20.215375"><ele>197.40</ele></trkpt>
      <trkpt lat="50.039098" lon="20.215484"><ele>197.40</ele></trkpt>
      <trkpt lat="50.039031" lon="20.215555"><ele>197.80</ele></trkpt>
      <trkpt lat="50.038851" lon="20.215781"><ele>198.20</ele></trkpt>
      <trkpt lat="50.038613" lon="20.216129"><ele>198.00</ele></trkpt>
      <trkpt lat="50.038356" lon="20.216542"><ele>198.20</ele></trkpt>
      <trkpt lat="50.038293" lon="20.216638"><ele>198.20</ele></trkpt>
      <trkpt lat="50.038177" lon="20.216858"><ele>198.20</ele></trkpt>
      <trkpt lat="50.038166" lon="20.216906"><ele>198.20</ele></trkpt>
      <trkpt lat="50.038123" lon="20.217005"><ele>198.20</ele></trkpt>
      <trkpt lat="50.038044" lon="20.216955"><ele>198.00</ele></trkpt>
      <trkpt lat="50.038023" lon="20.216962"><ele>198.00</ele></trkpt>
      <trkpt lat="50.037961" lon="20.217027"><ele>198.20</ele></trkpt>
      <trkpt lat="50.03779" lon="20.217021"><ele>198.40</ele></trkpt>
      <trkpt lat="50.037617" lon="20.216979"><ele>198.60</ele></trkpt>
      <trkpt lat="50.037555" lon="20.216938"><ele>198.60</ele></trkpt>
      <trkpt lat="50.037371" lon="20.216729"><ele>198.60</ele></trkpt>
      <trkpt lat="50.037351" lon="20.216701"><ele>198.80</ele></trkpt>
      <trkpt lat="50.037286" lon="20.216639"><ele>199.00</ele></trkpt>
      <trkpt lat="50.037138" lon="20.216629"><ele>199.60</ele></trkpt>
      <trkpt lat="50.037002" lon="20.21669"><ele>199.40</ele></trkpt>
      <trkpt lat="50.036927" lon="20.216699"><ele>199.40</ele></trkpt>
      <trkpt lat="50.0366" lon="20.216741"><ele>198.40</ele></trkpt>
      <trkpt lat="50.036432" lon="20.216745"><ele>199.00</ele></trkpt>
      <trkpt lat="50.036268" lon="20.216753"><ele>199.80</ele></trkpt>
      <trkpt lat="50.03623" lon="20.216756"><ele>199.80</ele></trkpt>
      <trkpt lat="50.035822" lon="20.216797"><ele>200.00</ele></trkpt>
      <trkpt lat="50.035617" lon="20.216814"><ele>200.40</ele></trkpt>
      <trkpt lat="50.035507" lon="20.216842"><ele>200.80</ele></trkpt>
      <trkpt lat="50.03547" lon="20.216849"><ele>201.00</ele></trkpt>
      <trkpt lat="50.035144" lon="20.216955"><ele>201.80</ele></trkpt>
      <trkpt lat="50.035112" lon="20.216968"><ele>202.00</ele></trkpt>
      <trkpt lat="50.035027" lon="20.217007"><ele>203.00</ele></trkpt>
      <trkpt lat="50.034966" lon="20.217026"><ele>203.60</ele></trkpt>
      <trkpt lat="50.034948" lon="20.216998"><ele>204.00</ele></trkpt>
      <trkpt lat="50.034944" lon="20.216982"><ele>204.20</ele></trkpt>
      <trkpt lat="50.034944" lon="20.216982"><ele>204.20</ele></trkpt>
      <trkpt lat="50.035039" lon="20.216696"><ele>204.00</ele></trkpt>
      <trkpt lat="50.035044" lon="20.216691"><ele>204.00</ele></trkpt>
      <trkpt lat="50.035045" lon="20.216689"><ele>203.80</ele></trkpt>
      <trkpt lat="50.035011" lon="20.216677"><ele>203.60</ele></trkpt>
      <trkpt lat="50.035009" lon="20.216667"><ele>203.60</ele></trkpt>
      <trkpt lat="50.035009" lon="20.216667"><ele>206.80</ele></trkpt>
      <trkpt lat="50.035009" lon="20.216667"><ele>207.00</ele></trkpt>
      <trkpt lat="50.035009" lon="20.216667"><ele>207.00</ele></trkpt>
      <trkpt lat="50.035009" lon="20.216667"><ele>207.00</ele></trkpt>
      <trkpt lat="50.034895" lon="20.216609"><ele>206.80</ele></trkpt>
      <trkpt lat="50.034911" lon="20.216761"><ele>206.60</ele></trkpt>
      <trkpt lat="50.034949" lon="20.216906"><ele>206.00</ele></trkpt>
      <trkpt lat="50.034963" lon="20.217013"><ele>205.80</ele></trkpt>
      <trkpt lat="50.034905" lon="20.217046"><ele>206.20</ele></trkpt>
      <trkpt lat="50.034759" lon="20.217091"><ele>206.60</ele></trkpt>
      <trkpt lat="50.034635" lon="20.217141"><ele>206.80</ele></trkpt>
      <trkpt lat="50.03459" lon="20.217159"><ele>206.80</ele></trkpt>
      <trkpt lat="50.034444" lon="20.217194"><ele>207.80</ele></trkpt>
      <trkpt lat="50.034415" lon="20.2172"><ele>208.00</ele></trkpt>
      <trkpt lat="50.034246" lon="20.217291"><ele>208.20</ele></trkpt>
      <trkpt lat="50.034227" lon="20.2173"><ele>208.20</ele></trkpt>
      <trkpt lat="50.034102" lon="20.217377"><ele>208.20</ele></trkpt>
      <trkpt lat="50.033905" lon="20.217467"><ele>208.20</ele></trkpt>
      <trkpt lat="50.033703" lon="20.217582"><ele>208.80</ele></trkpt>
      <trkpt lat="50.03353" lon="20.217673"><ele>208.80</ele></trkpt>
      <trkpt lat="50.033461" lon="20.217651"><ele>208.60</ele></trkpt>
      <trkpt lat="50.033419" lon="20.217635"><ele>208.60</ele></trkpt>
      <trkpt lat="50.0334" lon="20.217629"><ele>208.60</ele></trkpt>
      <trkpt lat="50.033387" lon="20.217631"><ele>208.80</ele></trkpt>
      <trkpt lat="50.03337" lon="20.217631"><ele>209.00</ele></trkpt>
      <trkpt lat="50.033296" lon="20.21763"><ele>209.60</ele></trkpt>
      <trkpt lat="50.033232" lon="20.217649"><ele>210.00</ele></trkpt>
      <trkpt lat="50.033152" lon="20.217662"><ele>210.40</ele></trkpt>
      <trkpt lat="50.033094" lon="20.217677"><ele>210.60</ele></trkpt>
      <trkpt lat="50.033055" lon="20.217684"><ele>210.80</ele></trkpt>
      <trkpt lat="50.032998" lon="20.217694"><ele>211.00</ele></trkpt>
      <trkpt lat="50.032896" lon="20.21772"><ele>211.60</ele></trkpt>
      <trkpt lat="50.032771" lon="20.217738"><ele>211.60</ele></trkpt>
      <trkpt lat="50.032681" lon="20.217819"><ele>211.40</ele></trkpt>
      <trkpt lat="50.032628" lon="20.218024"><ele>211.60</ele></trkpt>
      <trkpt lat="50.032568" lon="20.218179"><ele>211.60</ele></trkpt>
      <trkpt lat="50.03255" lon="20.218218"><ele>211.80</ele></trkpt>
      <trkpt lat="50.032531" lon="20.218256"><ele>211.80</ele></trkpt>
      <trkpt lat="50.032486" lon="20.218332"><ele>212.00</ele></trkpt>
      <trkpt lat="50.032459" lon="20.218362"><ele>212.00</ele></trkpt>
      <trkpt lat="50.03228" lon="20.218455"><ele>212.40</ele></trkpt>
      <trkpt lat="50.03214" lon="20.218402"><ele>212.00</ele></trkpt>
      <trkpt lat="50.031848" lon="20.218214"><ele>212.80</ele></trkpt>
      <trkpt lat="50.031753" lon="20.218145"><ele>212.60</ele></trkpt>
      <trkpt lat="50.031652" lon="20.218141"><ele>213.20</ele></trkpt>
      <trkpt lat="50.031598" lon="20.218276"><ele>214.20</ele></trkpt>
      <trkpt lat="50.031579" lon="20.218455"><ele>214.40</ele></trkpt>
      <trkpt lat="50.031559" lon="20.218516"><ele>214.40</ele></trkpt>
      <trkpt lat="50.031382" lon="20.218873"><ele>213.80</ele></trkpt>
      <trkpt lat="50.031159" lon="20.219381"><ele>215.00</ele></trkpt>
      <trkpt lat="50.031096" lon="20.219536"><ele>215.40</ele></trkpt>
      <trkpt lat="50.031011" lon="20.219767"><ele>215.20</ele></trkpt>
      <trkpt lat="50.030948" lon="20.219932"><ele>214.80</ele></trkpt>
      <trkpt lat="50.030862" lon="20.220164"><ele>214.40</ele></trkpt>
      <trkpt lat="50.030661" lon="20.220696"><ele>214.60</ele></trkpt>
      <trkpt lat="50.030573" lon="20.220916"><ele>214.60</ele></trkpt>
      <trkpt lat="50.030459" lon="20.221195"><ele>214.80</ele></trkpt>
      <trkpt lat="50.030394" lon="20.221346"><ele>214.60</ele></trkpt>
      <trkpt lat="50.030351" lon="20.221447"><ele>214.60</ele></trkpt>
      <trkpt lat="50.030328" lon="20.221501"><ele>214.60</ele></trkpt>
      <trkpt lat="50.030183" lon="20.221814"><ele>214.80</ele></trkpt>
      <trkpt lat="50.030061" lon="20.222089"><ele>214.60</ele></trkpt>
      <trkpt lat="50.029932" lon="20.22239"><ele>214.40</ele></trkpt>
      <trkpt lat="50.029903" lon="20.22245"><ele>214.20</ele></trkpt>
      <trkpt lat="50.029844" lon="20.222574"><ele>214.00</ele></trkpt>
      <trkpt lat="50.029625" lon="20.223098"><ele>213.40</ele></trkpt>
      <trkpt lat="50.029599" lon="20.223168"><ele>213.20</ele></trkpt>
      <trkpt lat="50.029309" lon="20.223884"><ele>212.80</ele></trkpt>
      <trkpt lat="50.029281" lon="20.223953"><ele>212.80</ele></trkpt>
      <trkpt lat="50.029095" lon="20.224414"><ele>212.80</ele></trkpt>
      <trkpt lat="50.02899" lon="20.224674"><ele>213.20</ele></trkpt>
      <trkpt lat="50.02891" lon="20.224862"><ele>213.40</ele></trkpt>
      <trkpt lat="50.028808" lon="20.225104"><ele>213.40</ele></trkpt>
      <trkpt lat="50.028758" lon="20.225219"><ele>213.40</ele></trkpt>
      <trkpt lat="50.028688" lon="20.225387"><ele>214.00</ele></trkpt>
      <trkpt lat="50.028642" lon="20.225498"><ele>214.40</ele></trkpt>
      <trkpt lat="50.02844" lon="20.225976"><ele>214.40</ele></trkpt>
      <trkpt lat="50.028391" lon="20.226091"><ele>214.40</ele></trkpt>
      <trkpt lat="50.028365" lon="20.226151"><ele>214.40</ele></trkpt>
      <trkpt lat="50.028338" lon="20.226212"><ele>214.40</ele></trkpt>
      <trkpt lat="50.02831" lon="20.226274"><ele>214.40</ele></trkpt>
      <trkpt lat="50.028253" lon="20.22639"><ele>214.60</ele></trkpt>
      <trkpt lat="50.02816" lon="20.226568"><ele>214.60</ele></trkpt>
      <trkpt lat="50.027875" lon="20.22709"><ele>214.80</ele></trkpt>
      <trkpt lat="50.027556" lon="20.22762"><ele>215.60</ele></trkpt>
      <trkpt lat="50.027494" lon="20.227727"><ele>215.60</ele></trkpt>
      <trkpt lat="50.027462" lon="20.227779"><ele>215.80</ele></trkpt>
      <trkpt lat="50.027393" lon="20.227883"><ele>215.80</ele></trkpt>
      <trkpt lat="50.027334" lon="20.227982"><ele>216.00</ele></trkpt>
      <trkpt lat="50.027281" lon="20.228076"><ele>216.20</ele></trkpt>
      <trkpt lat="50.026993" lon="20.228532"><ele>215.60</ele></trkpt>
      <trkpt lat="50.02681" lon="20.228813"><ele>216.00</ele></trkpt>
      <trkpt lat="50.026787" lon="20.228877"><ele>216.20</ele></trkpt>
      <trkpt lat="50.026744" lon="20.228953"><ele>216.40</ele></trkpt>
      <trkpt lat="50.026716" lon="20.228981"><ele>216.60</ele></trkpt>
      <trkpt lat="50.026678" lon="20.229038"><ele>216.60</ele></trkpt>
      <trkpt lat="50.026579" lon="20.229113"><ele>217.00</ele></trkpt>
      <trkpt lat="50.026507" lon="20.229103"><ele>215.60</ele></trkpt>
      <trkpt lat="50.026501" lon="20.229116"><ele>215.40</ele></trkpt>
      <trkpt lat="50.026452" lon="20.229197"><ele>215.40</ele></trkpt>
      <trkpt lat="50.026342" lon="20.229351"><ele>216.00</ele></trkpt>
      <trkpt lat="50.026301" lon="20.229408"><ele>216.20</ele></trkpt>
      <trkpt lat="50.026222" lon="20.229516"><ele>216.60</ele></trkpt>
      <trkpt lat="50.026191" lon="20.22956"><ele>216.80</ele></trkpt>
      <trkpt lat="50.026121" lon="20.229629"><ele>217.00</ele></trkpt>
      <trkpt lat="50.026037" lon="20.229735"><ele>217.20</ele></trkpt>
      <trkpt lat="50.02599" lon="20.229784"><ele>217.00</ele></trkpt>
      <trkpt lat="50.025955" lon="20.229827"><ele>217.00</ele></trkpt>
      <trkpt lat="50.025899" lon="20.229891"><ele>217.00</ele></trkpt>
      <trkpt lat="50.025884" lon="20.229911"><ele>217.00</ele></trkpt>
      <trkpt lat="50.025855" lon="20.22995"><ele>217.00</ele></trkpt>
      <trkpt lat="50.025766" lon="20.230057"><ele>217.20</ele></trkpt>
      <trkpt lat="50.025705" lon="20.230138"><ele>217.20</ele></trkpt>
      <trkpt lat="50.025529" lon="20.230378"><ele>217.00</ele></trkpt>
      <trkpt lat="50.025292" lon="20.230669"><ele>216.40</ele></trkpt>
      <trkpt lat="50.025259" lon="20.23071"><ele>216.40</ele></trkpt>
      <trkpt lat="50.02523" lon="20.230748"><ele>216.40</ele></trkpt>
      <trkpt lat="50.025198" lon="20.230787"><ele>216.20</ele></trkpt>
      <trkpt lat="50.025103" lon="20.230904"><ele>216.00</ele></trkpt>
      <trkpt lat="50.024945" lon="20.231106"><ele>215.60</ele></trkpt>
      <trkpt lat="50.024913" lon="20.231147"><ele>215.40</ele></trkpt>
      <trkpt lat="50.024667" lon="20.231451"><ele>215.20</ele></trkpt>
      <trkpt lat="50.024637" lon="20.231489"><ele>215.00</ele></trkpt>
      <trkpt lat="50.024352" lon="20.231858"><ele>214.80</ele></trkpt>
      <trkpt lat="50.024263" lon="20.231976"><ele>214.60</ele></trkpt>
      <trkpt lat="50.024189" lon="20.232057"><ele>214.40</ele></trkpt>
      <trkpt lat="50.024131" lon="20.232145"><ele>214.00</ele></trkpt>
      <trkpt lat="50.024004" lon="20.232306"><ele>214.00</ele></trkpt>
      <trkpt lat="50.023916" lon="20.232426"><ele>214.00</ele></trkpt>
      <trkpt lat="50.02389" lon="20.232466"><ele>214.00</ele></trkpt>
      <trkpt lat="50.023653" lon="20.23277"><ele>213.60</ele></trkpt>
      <trkpt lat="50.023536" lon="20.232905"><ele>213.60</ele></trkpt>
      <trkpt lat="50.023537" lon="20.232925"><ele>213.40</ele></trkpt>
      <trkpt lat="50.023531" lon="20.232941"><ele>213.40</ele></trkpt>
      <trkpt lat="50.023505" lon="20.23296"><ele>213.20</ele></trkpt>
      <trkpt lat="50.023481" lon="20.232996"><ele>213.20</ele></trkpt>
      <trkpt lat="50.023392" lon="20.23308"><ele>213.20</ele></trkpt>
      <trkpt lat="50.023291" lon="20.233194"><ele>213.20</ele></trkpt>
      <trkpt lat="50.023202" lon="20.233323"><ele>213.40</ele></trkpt>
      <trkpt lat="50.023127" lon="20.233401"><ele>213.60</ele></trkpt>
      <trkpt lat="50.023032" lon="20.233511"><ele>213.80</ele></trkpt>
      <trkpt lat="50.023008" lon="20.233544"><ele>213.80</ele></trkpt>
      <trkpt lat="50.022982" lon="20.233577"><ele>213.80</ele></trkpt>
      <trkpt lat="50.022955" lon="20.23361"><ele>213.80</ele></trkpt>
      <trkpt lat="50.022883" lon="20.233707"><ele>214.40</ele></trkpt>
      <trkpt lat="50.022827" lon="20.233791"><ele>214.80</ele></trkpt>
      <trkpt lat="50.022818" lon="20.233804"><ele>215.00</ele></trkpt>
      <trkpt lat="50.0228" lon="20.233825"><ele>215.00</ele></trkpt>
      <trkpt lat="50.022789" lon="20.233845"><ele>215.20</ele></trkpt>
      <trkpt lat="50.022778" lon="20.233871"><ele>215.20</ele></trkpt>
      <trkpt lat="50.022739" lon="20.23393"><ele>215.40</ele></trkpt>
      <trkpt lat="50.022716" lon="20.23395"><ele>215.60</ele></trkpt>
      <trkpt lat="50.022718" lon="20.233959"><ele>215.80</ele></trkpt>
      <trkpt lat="50.022732" lon="20.233977"><ele>215.80</ele></trkpt>
      <trkpt lat="50.022734" lon="20.233991"><ele>216.00</ele></trkpt>
      <trkpt lat="50.02273" lon="20.234031"><ele>216.20</ele></trkpt>
      <trkpt lat="50.022733" lon="20.234044"><ele>216.20</ele></trkpt>
      <trkpt lat="50.02274" lon="20.234094"><ele>216.20</ele></trkpt>
      <trkpt lat="50.022755" lon="20.234163"><ele>216.20</ele></trkpt>
      <trkpt lat="50.022769" lon="20.234221"><ele>216.20</ele></trkpt>
      <trkpt lat="50.022788" lon="20.23426"><ele>216.20</ele></trkpt>
      <trkpt lat="50.022827" lon="20.234395"><ele>216.40</ele></trkpt>
      <trkpt lat="50.022828" lon="20.234443"><ele>216.20</ele></trkpt>
      <trkpt lat="50.022832" lon="20.234527"><ele>210.40</ele></trkpt>
      <trkpt lat="50.022851" lon="20.234578"><ele>210.60</ele></trkpt>
      <trkpt lat="50.02292" lon="20.234739"><ele>211.40</ele></trkpt>
      <trkpt lat="50.02293" lon="20.234765"><ele>211.60</ele></trkpt>
      <trkpt lat="50.02298" lon="20.234902"><ele>212.60</ele></trkpt>
      <trkpt lat="50.023017" lon="20.234994"><ele>213.00</ele></trkpt>
      <trkpt lat="50.023107" lon="20.235222"><ele>213.80</ele></trkpt>
      <trkpt lat="50.023128" lon="20.235282"><ele>214.00</ele></trkpt>
      <trkpt lat="50.023209" lon="20.235527"><ele>214.80</ele></trkpt>
      <trkpt lat="50.023231" lon="20.23559"><ele>215.00</ele></trkpt>
      <trkpt lat="50.023307" lon="20.235853"><ele>215.80</ele></trkpt>
      <trkpt lat="50.023319" lon="20.235891"><ele>216.00</ele></trkpt>
      <trkpt lat="50.023336" lon="20.235922"><ele>216.00</ele></trkpt>
      <trkpt lat="50.023383" lon="20.236061"><ele>215.80</ele></trkpt>
      <trkpt lat="50.023396" lon="20.2361"><ele>215.60</ele></trkpt>
      <trkpt lat="50.023421" lon="20.236185"><ele>216.00</ele></trkpt>
      <trkpt lat="50.023435" lon="20.236246"><ele>216.20</ele></trkpt>
      <trkpt lat="50.023435" lon="20.236245"><ele>216.20</ele></trkpt>
      <trkpt lat="50.02347" lon="20.236313"><ele>215.60</ele></trkpt>
      <trkpt lat="50.023494" lon="20.23642"><ele>215.80</ele></trkpt>
      <trkpt lat="50.02355" lon="20.236582"><ele>216.40</ele></trkpt>
      <trkpt lat="50.023663" lon="20.236891"><ele>216.80</ele></trkpt>
      <trkpt lat="50.023764" lon="20.2372"><ele>216.40</ele></trkpt>
      <trkpt lat="50.023778" lon="20.23724"><ele>216.40</ele></trkpt>
      <trkpt lat="50.023894" lon="20.237579"><ele>216.40</ele></trkpt>
      <trkpt lat="50.023919" lon="20.237664"><ele>216.40</ele></trkpt>
      <trkpt lat="50.023954" lon="20.237823"><ele>216.60</ele></trkpt>
      <trkpt lat="50.024038" lon="20.238108"><ele>216.60</ele></trkpt>
      <trkpt lat="50.024063" lon="20.238178"><ele>216.80</ele></trkpt>
      <trkpt lat="50.024076" lon="20.238208"><ele>216.80</ele></trkpt>
      <trkpt lat="50.024123" lon="20.238371"><ele>217.00</ele></trkpt>
      <trkpt lat="50.024134" lon="20.2384"><ele>217.00</ele></trkpt>
      <trkpt lat="50.02415" lon="20.238462"><ele>217.00</ele></trkpt>
      <trkpt lat="50.024208" lon="20.238603"><ele>217.00</ele></trkpt>
      <trkpt lat="50.024298" lon="20.238928"><ele>217.00</ele></trkpt>
      <trkpt lat="50.024348" lon="20.23909"><ele>217.00</ele></trkpt>
      <trkpt lat="50.024384" lon="20.239187"><ele>217.20</ele></trkpt>
      <trkpt lat="50.024396" lon="20.239219"><ele>217.20</ele></trkpt>
      <trkpt lat="50.024462" lon="20.239397"><ele>217.40</ele></trkpt>
      <trkpt lat="50.024492" lon="20.239512"><ele>217.60</ele></trkpt>
      <trkpt lat="50.024524" lon="20.239612"><ele>217.60</ele></trkpt>
      <trkpt lat="50.024551" lon="20.239679"><ele>217.60</ele></trkpt>
      <trkpt lat="50.024588" lon="20.239781"><ele>217.60</ele></trkpt>
      <trkpt lat="50.024687" lon="20.240077"><ele>217.80</ele></trkpt>
      <trkpt lat="50.024704" lon="20.240158"><ele>218.00</ele></trkpt>
      <trkpt lat="50.024719" lon="20.240199"><ele>218.00</ele></trkpt>
      <trkpt lat="50.024734" lon="20.24024"><ele>218.20</ele></trkpt>
      <trkpt lat="50.024745" lon="20.240279"><ele>218.20</ele></trkpt>
      <trkpt lat="50.024759" lon="20.240317"><ele>218.20</ele></trkpt>
      <trkpt lat="50.024801" lon="20.240429"><ele>218.40</ele></trkpt>
      <trkpt lat="50.02491" lon="20.240788"><ele>218.40</ele></trkpt>
      <trkpt lat="50.024971" lon="20.240969"><ele>218.40</ele></trkpt>
      <trkpt lat="50.025002" lon="20.241053"><ele>218.60</ele></trkpt>
      <trkpt lat="50.025061" lon="20.241234"><ele>218.60</ele></trkpt>
      <trkpt lat="50.025184" lon="20.241612"><ele>218.80</ele></trkpt>
      <trkpt lat="50.025198" lon="20.241659"><ele>218.80</ele></trkpt>
      <trkpt lat="50.025229" lon="20.241754"><ele>218.60</ele></trkpt>
      <trkpt lat="50.025352" lon="20.242118"><ele>218.40</ele></trkpt>
      <trkpt lat="50.02548" lon="20.242517"><ele>218.00</ele></trkpt>
      <trkpt lat="50.025494" lon="20.242565"><ele>218.00</ele></trkpt>
      <trkpt lat="50.025508" lon="20.242614"><ele>218.00</ele></trkpt>
      <trkpt lat="50.025525" lon="20.242664"><ele>217.80</ele></trkpt>
      <trkpt lat="50.025691" lon="20.243163"><ele>217.80</ele></trkpt>
      <trkpt lat="50.025835" lon="20.243576"><ele>217.80</ele></trkpt>
      <trkpt lat="50.025939" lon="20.243895"><ele>217.60</ele></trkpt>
      <trkpt lat="50.02596" lon="20.243961"><ele>217.40</ele></trkpt>
      <trkpt lat="50.025983" lon="20.24403"><ele>217.20</ele></trkpt>
      <trkpt lat="50.026144" lon="20.244499"><ele>217.20</ele></trkpt>
      <trkpt lat="50.026189" lon="20.24463"><ele>217.00</ele></trkpt>
      <trkpt lat="50.026315" lon="20.24503"><ele>216.80</ele></trkpt>
      <trkpt lat="50.026505" lon="20.245618"><ele>216.60</ele></trkpt>
      <trkpt lat="50.026649" lon="20.246062"><ele>216.80</ele></trkpt>
      <trkpt lat="50.026691" lon="20.246187"><ele>216.80</ele></trkpt>
      <trkpt lat="50.026875" lon="20.246755"><ele>216.40</ele></trkpt>
      <trkpt lat="50.026988" lon="20.247124"><ele>216.20</ele></trkpt>
      <trkpt lat="50.027009" lon="20.247188"><ele>216.20</ele></trkpt>
      <trkpt lat="50.027065" lon="20.247358"><ele>216.60</ele></trkpt>
      <trkpt lat="50.027099" lon="20.247462"><ele>216.80</ele></trkpt>
      <trkpt lat="50.027206" lon="20.247728"><ele>217.00</ele></trkpt>
      <trkpt lat="50.027218" lon="20.247867"><ele>217.20</ele></trkpt>
      <trkpt lat="50.027232" lon="20.248042"><ele>217.20</ele></trkpt>
      <trkpt lat="50.027234" lon="20.248099"><ele>217.20</ele></trkpt>
      <trkpt lat="50.027268" lon="20.248436"><ele>217.00</ele></trkpt>
      <trkpt lat="50.027278" lon="20.248489"><ele>217.00</ele></trkpt>
      <trkpt lat="50.027247" lon="20.248702"><ele>216.60</ele></trkpt>
      <trkpt lat="50.027199" lon="20.248845"><ele>216.60</ele></trkpt>
      <trkpt lat="50.027212" lon="20.248876"><ele>216.80</ele></trkpt>
      <trkpt lat="50.027191" lon="20.248973"><ele>216.80</ele></trkpt>
      <trkpt lat="50.02719" lon="20.248997"><ele>217.00</ele></trkpt>
      <trkpt lat="50.027206" lon="20.249059"><ele>217.20</ele></trkpt>
      <trkpt lat="50.027213" lon="20.249077"><ele>217.20</ele></trkpt>
      <trkpt lat="50.027257" lon="20.249267"><ele>217.20</ele></trkpt>
      <trkpt lat="50.027307" lon="20.249508"><ele>217.40</ele></trkpt>
      <trkpt lat="50.027398" lon="20.249805"><ele>217.60</ele></trkpt>
      <trkpt lat="50.027444" lon="20.250036"><ele>216.80</ele></trkpt>
      <trkpt lat="50.027485" lon="20.250169"><ele>216.60</ele></trkpt>
      <trkpt lat="50.027518" lon="20.250244"><ele>216.40</ele></trkpt>
      <trkpt lat="50.027542" lon="20.250283"><ele>216.40</ele></trkpt>
      <trkpt lat="50.027577" lon="20.250346"><ele>216.40</ele></trkpt>
      <trkpt lat="50.027627" lon="20.250423"><ele>216.20</ele></trkpt>
      <trkpt lat="50.027674" lon="20.250502"><ele>216.00</ele></trkpt>
      <trkpt lat="50.027768" lon="20.250786"><ele>215.20</ele></trkpt>
      <trkpt lat="50.027819" lon="20.250924"><ele>215.20</ele></trkpt>
      <trkpt lat="50.027876" lon="20.251109"><ele>215.20</ele></trkpt>
      <trkpt lat="50.027887" lon="20.251158"><ele>215.20</ele></trkpt>
      <trkpt lat="50.02799" lon="20.251398"><ele>215.00</ele></trkpt>
      <trkpt lat="50.028007" lon="20.251448"><ele>214.80</ele></trkpt>
      <trkpt lat="50.028047" lon="20.25155"><ele>214.40</ele></trkpt>
      <trkpt lat="50.028101" lon="20.251727"><ele>214.20</ele></trkpt>
      <trkpt lat="50.028225" lon="20.252044"><ele>214.20</ele></trkpt>
      <trkpt lat="50.02831" lon="20.252341"><ele>214.40</ele></trkpt>
      <trkpt lat="50.028333" lon="20.252424"><ele>214.40</ele></trkpt>
      <trkpt lat="50.02839" lon="20.252602"><ele>214.60</ele></trkpt>
      <trkpt lat="50.028485" lon="20.252851"><ele>214.60</ele></trkpt>
      <trkpt lat="50.028512" lon="20.252935"><ele>214.40</ele></trkpt>
      <trkpt lat="50.028584" lon="20.253136"><ele>214.60</ele></trkpt>
      <trkpt lat="50.028632" lon="20.253264"><ele>214.40</ele></trkpt>
      <trkpt lat="50.028663" lon="20.253312"><ele>214.60</ele></trkpt>
      <trkpt lat="50.028677" lon="20.25331"><ele>214.40</ele></trkpt>
      <trkpt lat="50.028628" lon="20.253438"><ele>201.00</ele></trkpt>
      <trkpt lat="50.028643" lon="20.253472"><ele>200.80</ele></trkpt>
      <trkpt lat="50.028728" lon="20.253698"><ele>202.00</ele></trkpt>
      <trkpt lat="50.028774" lon="20.25385"><ele>203.40</ele></trkpt>
      <trkpt lat="50.028806" lon="20.253941"><ele>204.00</ele></trkpt>
      <trkpt lat="50.028825" lon="20.254002"><ele>204.40</ele></trkpt>
      <trkpt lat="50.028894" lon="20.254179"><ele>201.80</ele></trkpt>
      <trkpt lat="50.028902" lon="20.254207"><ele>201.80</ele></trkpt>
      <trkpt lat="50.028917" lon="20.254269"><ele>201.60</ele></trkpt>
      <trkpt lat="50.028941" lon="20.254374"><ele>201.40</ele></trkpt>
      <trkpt lat="50.02898" lon="20.254469"><ele>201.20</ele></trkpt>
      <trkpt lat="50.029073" lon="20.254764"><ele>202.40</ele></trkpt>
      <trkpt lat="50.029094" lon="20.254852"><ele>202.80</ele></trkpt>
      <trkpt lat="50.029103" lon="20.254894"><ele>203.00</ele></trkpt>
      <trkpt lat="50.029113" lon="20.254934"><ele>203.20</ele></trkpt>
      <trkpt lat="50.029136" lon="20.255022"><ele>203.60</ele></trkpt>
      <trkpt lat="50.029145" lon="20.255065"><ele>204.00</ele></trkpt>
      <trkpt lat="50.029155" lon="20.255105"><ele>204.40</ele></trkpt>
      <trkpt lat="50.029179" lon="20.255187"><ele>205.20</ele></trkpt>
      <trkpt lat="50.029196" lon="20.255267"><ele>205.80</ele></trkpt>
      <trkpt lat="50.029204" lon="20.255305"><ele>206.00</ele></trkpt>
      <trkpt lat="50.02922" lon="20.255375"><ele>206.40</ele></trkpt>
      <trkpt lat="50.029236" lon="20.255442"><ele>206.80</ele></trkpt>
      <trkpt lat="50.029262" lon="20.255543"><ele>207.40</ele></trkpt>
      <trkpt lat="50.029321" lon="20.255756"><ele>208.00</ele></trkpt>
      <trkpt lat="50.029409" lon="20.256091"><ele>208.40</ele></trkpt>
      <trkpt lat="50.029431" lon="20.256242"><ele>208.60</ele></trkpt>
      <trkpt lat="50.029451" lon="20.256337"><ele>208.80</ele></trkpt>
      <trkpt lat="50.029473" lon="20.256427"><ele>209.20</ele></trkpt>
      <trkpt lat="50.029496" lon="20.256543"><ele>209.60</ele></trkpt>
      <trkpt lat="50.029549" lon="20.256782"><ele>210.60</ele></trkpt>
      <trkpt lat="50.029558" lon="20.256816"><ele>210.60</ele></trkpt>
      <trkpt lat="50.029621" lon="20.257063"><ele>211.00</ele></trkpt>
      <trkpt lat="50.029627" lon="20.257109"><ele>210.80</ele></trkpt>
      <trkpt lat="50.029675" lon="20.257379"><ele>211.40</ele></trkpt>
      <trkpt lat="50.02974" lon="20.257646"><ele>211.60</ele></trkpt>
      <trkpt lat="50.029748" lon="20.257684"><ele>211.80</ele></trkpt>
      <trkpt lat="50.029786" lon="20.25787"><ele>211.80</ele></trkpt>
      <trkpt lat="50.029782" lon="20.257887"><ele>212.00</ele></trkpt>
      <trkpt lat="50.029791" lon="20.257891"><ele>212.00</ele></trkpt>
      <trkpt lat="50.0298" lon="20.257946"><ele>206.40</ele></trkpt>
      <trkpt lat="50.029816" lon="20.258004"><ele>206.40</ele></trkpt>
      <trkpt lat="50.02993" lon="20.258302"><ele>206.40</ele></trkpt>
      <trkpt lat="50.030024" lon="20.258555"><ele>206.60</ele></trkpt>
      <trkpt lat="50.030034" lon="20.258596"><ele>206.60</ele></trkpt>
      <trkpt lat="50.030128" lon="20.25881"><ele>206.60</ele></trkpt>
      <trkpt lat="50.030147" lon="20.258863"><ele>206.60</ele></trkpt>
      <trkpt lat="50.030214" lon="20.259057"><ele>207.20</ele></trkpt>
      <trkpt lat="50.030267" lon="20.259193"><ele>207.40</ele></trkpt>
      <trkpt lat="50.030283" lon="20.25924"><ele>207.40</ele></trkpt>
      <trkpt lat="50.030342" lon="20.259451"><ele>208.20</ele></trkpt>
      <trkpt lat="50.030454" lon="20.259822"><ele>208.20</ele></trkpt>
      <trkpt lat="50.030521" lon="20.260028"><ele>208.60</ele></trkpt>
      <trkpt lat="50.03057" lon="20.260188"><ele>208.60</ele></trkpt>
      <trkpt lat="50.030593" lon="20.260248"><ele>208.60</ele></trkpt>
      <trkpt lat="50.030691" lon="20.26051"><ele>208.40</ele></trkpt>
      <trkpt lat="50.030812" lon="20.260894"><ele>208.60</ele></trkpt>
      <trkpt lat="50.030832" lon="20.260959"><ele>208.60</ele></trkpt>
      <trkpt lat="50.030992" lon="20.261391"><ele>208.20</ele></trkpt>
      <trkpt lat="50.031182" lon="20.261901"><ele>208.40</ele></trkpt>
      <trkpt lat="50.031208" lon="20.26205"><ele>208.60</ele></trkpt>
      <trkpt lat="50.031237" lon="20.262246"><ele>209.00</ele></trkpt>
      <trkpt lat="50.031336" lon="20.262473"><ele>209.60</ele></trkpt>
      <trkpt lat="50.031362" lon="20.26253"><ele>209.60</ele></trkpt>
      <trkpt lat="50.031417" lon="20.262637"><ele>210.20</ele></trkpt>
      <trkpt lat="50.031511" lon="20.262783"><ele>210.60</ele></trkpt>
      <trkpt lat="50.031539" lon="20.262828"><ele>210.60</ele></trkpt>
      <trkpt lat="50.031559" lon="20.262876"><ele>210.60</ele></trkpt>
      <trkpt lat="50.031598" lon="20.263039"><ele>210.80</ele></trkpt>
      <trkpt lat="50.031648" lon="20.263214"><ele>210.80</ele></trkpt>
      <trkpt lat="50.031706" lon="20.2634"><ele>211.00</ele></trkpt>
      <trkpt lat="50.031773" lon="20.263659"><ele>211.00</ele></trkpt>
      <trkpt lat="50.031791" lon="20.263748"><ele>211.00</ele></trkpt>
      <trkpt lat="50.031845" lon="20.263903"><ele>210.80</ele></trkpt>
      <trkpt lat="50.031864" lon="20.263938"><ele>210.80</ele></trkpt>
      <trkpt lat="50.031969" lon="20.264216"><ele>210.60</ele></trkpt>
      <trkpt lat="50.032022" lon="20.264491"><ele>210.20</ele></trkpt>
      <trkpt lat="50.032078" lon="20.264714"><ele>210.20</ele></trkpt>
      <trkpt lat="50.032209" lon="20.264961"><ele>210.40</ele></trkpt>
      <trkpt lat="50.032307" lon="20.265241"><ele>210.60</ele></trkpt>
      <trkpt lat="50.032434" lon="20.265749"><ele>210.60</ele></trkpt>
      <trkpt lat="50.032523" lon="20.266135"><ele>210.60</ele></trkpt>
      <trkpt lat="50.032655" lon="20.266495"><ele>210.40</ele></trkpt>
      <trkpt lat="50.032686" lon="20.266618"><ele>210.20</ele></trkpt>
      <trkpt lat="50.032716" lon="20.266823"><ele>209.60</ele></trkpt>
      <trkpt lat="50.032764" lon="20.26704"><ele>209.60</ele></trkpt>
      <trkpt lat="50.032788" lon="20.267101"><ele>209.60</ele></trkpt>
      <trkpt lat="50.03284" lon="20.267207"><ele>209.60</ele></trkpt>
      <trkpt lat="50.033025" lon="20.267603"><ele>209.40</ele></trkpt>
      <trkpt lat="50.033149" lon="20.267778"><ele>208.80</ele></trkpt>
      <trkpt lat="50.033237" lon="20.267867"><ele>208.60</ele></trkpt>
      <trkpt lat="50.03326" lon="20.267905"><ele>208.40</ele></trkpt>
      <trkpt lat="50.033443" lon="20.268135"><ele>207.60</ele></trkpt>
      <trkpt lat="50.033503" lon="20.268208"><ele>207.60</ele></trkpt>
      <trkpt lat="50.033594" lon="20.268303"><ele>207.40</ele></trkpt>
      <trkpt lat="50.033724" lon="20.268442"><ele>207.00</ele></trkpt>
      <trkpt lat="50.033881" lon="20.268612"><ele>206.80</ele></trkpt>
      <trkpt lat="50.034004" lon="20.268835"><ele>206.60</ele></trkpt>
      <trkpt lat="50.034134" lon="20.269117"><ele>206.00</ele></trkpt>
      <trkpt lat="50.034198" lon="20.26935"><ele>206.00</ele></trkpt>
      <trkpt lat="50.034252" lon="20.269608"><ele>205.40</ele></trkpt>
      <trkpt lat="50.03428" lon="20.269737"><ele>205.60</ele></trkpt>
      <trkpt lat="50.03432" lon="20.269988"><ele>206.00</ele></trkpt>
      <trkpt lat="50.034384" lon="20.270196"><ele>206.40</ele></trkpt>
      <trkpt lat="50.034403" lon="20.270261"><ele>206.60</ele></trkpt>
      <trkpt lat="50.03445" lon="20.270417"><ele>207.40</ele></trkpt>
      <trkpt lat="50.034459" lon="20.270447"><ele>207.60</ele></trkpt>
      <trkpt lat="50.034479" lon="20.270514"><ele>208.00</ele></trkpt>
      <trkpt lat="50.034545" lon="20.270783"><ele>208.40</ele></trkpt>
      <trkpt lat="50.034554" lon="20.271036"><ele>208.20</ele></trkpt>
      <trkpt lat="50.0346" lon="20.271211"><ele>208.00</ele></trkpt>
      <trkpt lat="50.034651" lon="20.271341"><ele>207.80</ele></trkpt>
      <trkpt lat="50.034718" lon="20.271523"><ele>207.60</ele></trkpt>
      <trkpt lat="50.034804" lon="20.271792"><ele>207.60</ele></trkpt>
      <trkpt lat="50.034815" lon="20.271827"><ele>207.60</ele></trkpt>
      <trkpt lat="50.034864" lon="20.272046"><ele>208.00</ele></trkpt>
      <trkpt lat="50.034959" lon="20.272264"><ele>207.60</ele></trkpt>
      <trkpt lat="50.035008" lon="20.272428"><ele>207.80</ele></trkpt>
      <trkpt lat="50.035067" lon="20.272635"><ele>207.80</ele></trkpt>
      <trkpt lat="50.035162" lon="20.272909"><ele>208.00</ele></trkpt>
      <trkpt lat="50.035187" lon="20.272973"><ele>207.80</ele></trkpt>
      <trkpt lat="50.035251" lon="20.273141"><ele>208.00</ele></trkpt>
      <trkpt lat="50.03533" lon="20.273396"><ele>207.80</ele></trkpt>
      <trkpt lat="50.035414" lon="20.273571"><ele>207.60</ele></trkpt>
      <trkpt lat="50.035431" lon="20.273649"><ele>207.20</ele></trkpt>
      <trkpt lat="50.035466" lon="20.273762"><ele>207.00</ele></trkpt>
      <trkpt lat="50.035567" lon="20.274019"><ele>207.00</ele></trkpt>
      <trkpt lat="50.035639" lon="20.274212"><ele>207.00</ele></trkpt>
      <trkpt lat="50.035676" lon="20.274256"><ele>206.80</ele></trkpt>
      <trkpt lat="50.035721" lon="20.27426"><ele>206.80</ele></trkpt>
      <trkpt lat="50.035842" lon="20.27435"><ele>206.80</ele></trkpt>
      <trkpt lat="50.035945" lon="20.274557"><ele>206.80</ele></trkpt>
      <trkpt lat="50.035982" lon="20.274767"><ele>207.00</ele></trkpt>
      <trkpt lat="50.036073" lon="20.274978"><ele>206.60</ele></trkpt>
      <trkpt lat="50.036103" lon="20.275186"><ele>206.60</ele></trkpt>
      <trkpt lat="50.036131" lon="20.275563"><ele>207.20</ele></trkpt>
      <trkpt lat="50.036174" lon="20.27584"><ele>207.40</ele></trkpt>
      <trkpt lat="50.036256" lon="20.276153"><ele>207.40</ele></trkpt>
      <trkpt lat="50.036254" lon="20.276293"><ele>207.60</ele></trkpt>
      <trkpt lat="50.036253" lon="20.276438"><ele>207.80</ele></trkpt>
      <trkpt lat="50.036246" lon="20.276645"><ele>207.80</ele></trkpt>
      <trkpt lat="50.036241" lon="20.276738"><ele>207.60</ele></trkpt>
      <trkpt lat="50.036204" lon="20.277125"><ele>207.40</ele></trkpt>
      <trkpt lat="50.036164" lon="20.277488"><ele>207.20</ele></trkpt>
      <trkpt lat="50.036109" lon="20.277758"><ele>207.40</ele></trkpt>
      <trkpt lat="50.036097" lon="20.277845"><ele>207.20</ele></trkpt>
      <trkpt lat="50.03606" lon="20.278074"><ele>206.60</ele></trkpt>
      <trkpt lat="50.036023" lon="20.278257"><ele>205.80</ele></trkpt>
      <trkpt lat="50.035937" lon="20.278606"><ele>205.80</ele></trkpt>
      <trkpt lat="50.03592" lon="20.278865"><ele>206.00</ele></trkpt>
      <trkpt lat="50.03587" lon="20.279162"><ele>206.20</ele></trkpt>
      <trkpt lat="50.0358" lon="20.279457"><ele>206.40</ele></trkpt>
      <trkpt lat="50.035747" lon="20.279698"><ele>206.20</ele></trkpt>
      <trkpt lat="50.035733" lon="20.279791"><ele>206.20</ele></trkpt>
      <trkpt lat="50.035675" lon="20.2801"><ele>206.60</ele></trkpt>
      <trkpt lat="50.035662" lon="20.280241"><ele>206.80</ele></trkpt>
      <trkpt lat="50.035618" lon="20.280475"><ele>206.80</ele></trkpt>
      <trkpt lat="50.03557" lon="20.280598"><ele>206.60</ele></trkpt>
      <trkpt lat="50.035528" lon="20.280722"><ele>206.60</ele></trkpt>
      <trkpt lat="50.035513" lon="20.280958"><ele>205.80</ele></trkpt>
      <trkpt lat="50.035503" lon="20.281051"><ele>205.80</ele></trkpt>
      <trkpt lat="50.035494" lon="20.281098"><ele>205.80</ele></trkpt>
      <trkpt lat="50.035474" lon="20.281187"><ele>205.80</ele></trkpt>
      <trkpt lat="50.035451" lon="20.281274"><ele>206.00</ele></trkpt>
      <trkpt lat="50.035415" lon="20.28157"><ele>206.60</ele></trkpt>
      <trkpt lat="50.035338" lon="20.28188"><ele>206.80</ele></trkpt>
      <trkpt lat="50.03527" lon="20.282135"><ele>206.40</ele></trkpt>
      <trkpt lat="50.035243" lon="20.28236"><ele>206.00</ele></trkpt>
      <trkpt lat="50.035239" lon="20.282458"><ele>205.80</ele></trkpt>
      <trkpt lat="50.035221" lon="20.282823"><ele>205.80</ele></trkpt>
      <trkpt lat="50.035157" lon="20.283175"><ele>206.40</ele></trkpt>
      <trkpt lat="50.035083" lon="20.28343"><ele>207.00</ele></trkpt>
      <trkpt lat="50.035051" lon="20.28352"><ele>207.00</ele></trkpt>
      <trkpt lat="50.035022" lon="20.283607"><ele>207.00</ele></trkpt>
      <trkpt lat="50.034919" lon="20.283777"><ele>206.60</ele></trkpt>
      <trkpt lat="50.03482" lon="20.284042"><ele>206.80</ele></trkpt>
      <trkpt lat="50.034761" lon="20.284381"><ele>206.60</ele></trkpt>
      <trkpt lat="50.034716" lon="20.284707"><ele>206.00</ele></trkpt>
      <trkpt lat="50.03476" lon="20.284917"><ele>205.60</ele></trkpt>
      <trkpt lat="50.034763" lon="20.28495"><ele>205.60</ele></trkpt>
      <trkpt lat="50.03474" lon="20.285148"><ele>205.20</ele></trkpt>
      <trkpt lat="50.034737" lon="20.285421"><ele>205.20</ele></trkpt>
      <trkpt lat="50.034703" lon="20.285867"><ele>205.40</ele></trkpt>
      <trkpt lat="50.034691" lon="20.286017"><ele>205.20</ele></trkpt>
      <trkpt lat="50.034669" lon="20.286307"><ele>205.20</ele></trkpt>
      <trkpt lat="50.034631" lon="20.286715"><ele>205.40</ele></trkpt>
      <trkpt lat="50.034623" lon="20.286907"><ele>205.60</ele></trkpt>
      <trkpt lat="50.034614" lon="20.287063"><ele>205.40</ele></trkpt>
      <trkpt lat="50.034584" lon="20.28743"><ele>205.60</ele></trkpt>
      <trkpt lat="50.034514" lon="20.287817"><ele>205.80</ele></trkpt>
      <trkpt lat="50.034498" lon="20.288086"><ele>205.80</ele></trkpt>
      <trkpt lat="50.034498" lon="20.288472"><ele>205.40</ele></trkpt>
      <trkpt lat="50.03451" lon="20.288718"><ele>205.20</ele></trkpt>
      <trkpt lat="50.034515" lon="20.288819"><ele>205.20</ele></trkpt>
      <trkpt lat="50.034486" lon="20.288901"><ele>205.00</ele></trkpt>
      <trkpt lat="50.034449" lon="20.288967"><ele>205.00</ele></trkpt>
      <trkpt lat="50.034444" lon="20.289157"><ele>205.40</ele></trkpt>
      <trkpt lat="50.034443" lon="20.289279"><ele>205.40</ele></trkpt>
      <trkpt lat="50.034426" lon="20.289311"><ele>205.20</ele></trkpt>
      <trkpt lat="50.034308" lon="20.289612"><ele>205.00</ele></trkpt>
      <trkpt lat="50.034164" lon="20.290023"><ele>205.40</ele></trkpt>
      <trkpt lat="50.03409" lon="20.29019"><ele>205.80</ele></trkpt>
      <trkpt lat="50.034022" lon="20.29036"><ele>206.20</ele></trkpt>
      <trkpt lat="50.033931" lon="20.290634"><ele>206.40</ele></trkpt>
      <trkpt lat="50.033909" lon="20.290683"><ele>206.40</ele></trkpt>
      <trkpt lat="50.033724" lon="20.291135"><ele>206.40</ele></trkpt>
      <trkpt lat="50.033686" lon="20.291228"><ele>206.60</ele></trkpt>
      <trkpt lat="50.033529" lon="20.291627"><ele>206.80</ele></trkpt>
      <trkpt lat="50.033429" lon="20.291899"><ele>207.60</ele></trkpt>
      <trkpt lat="50.033384" lon="20.292"><ele>207.80</ele></trkpt>
      <trkpt lat="50.033236" lon="20.292281"><ele>207.60</ele></trkpt>
      <trkpt lat="50.033206" lon="20.292319"><ele>207.80</ele></trkpt>
      <trkpt lat="50.033004" lon="20.292616"><ele>208.00</ele></trkpt>
      <trkpt lat="50.032797" lon="20.292871"><ele>207.40</ele></trkpt>
      <trkpt lat="50.032651" lon="20.293039"><ele>208.00</ele></trkpt>
      <trkpt lat="50.032528" lon="20.293193"><ele>208.20</ele></trkpt>
      <trkpt lat="50.032467" lon="20.293265"><ele>208.20</ele></trkpt>
      <trkpt lat="50.032442" lon="20.293301"><ele>208.40</ele></trkpt>
      <trkpt lat="50.032291" lon="20.293456"><ele>208.80</ele></trkpt>
      <trkpt lat="50.032206" lon="20.293549"><ele>209.00</ele></trkpt>
      <trkpt lat="50.032059" lon="20.293711"><ele>209.20</ele></trkpt>
      <trkpt lat="50.032028" lon="20.293741"><ele>209.20</ele></trkpt>
      <trkpt lat="50.031964" lon="20.293796"><ele>209.20</ele></trkpt>
      <trkpt lat="50.031836" lon="20.293926"><ele>209.40</ele></trkpt>
      <trkpt lat="50.031802" lon="20.293954"><ele>209.40</ele></trkpt>
      <trkpt lat="50.031616" lon="20.294109"><ele>209.80</ele></trkpt>
      <trkpt lat="50.031444" lon="20.294219"><ele>209.60</ele></trkpt>
      <trkpt lat="50.031384" lon="20.294264"><ele>209.60</ele></trkpt>
      <trkpt lat="50.031319" lon="20.294297"><ele>209.60</ele></trkpt>
      <trkpt lat="50.031245" lon="20.294328"><ele>209.60</ele></trkpt>
      <trkpt lat="50.03114" lon="20.294373"><ele>209.80</ele></trkpt>
      <trkpt lat="50.031041" lon="20.29441"><ele>210.00</ele></trkpt>
      <trkpt lat="50.03101" lon="20.294419"><ele>210.00</ele></trkpt>
      <trkpt lat="50.030912" lon="20.29446"><ele>210.00</ele></trkpt>
      <trkpt lat="50.030773" lon="20.294515"><ele>210.00</ele></trkpt>
      <trkpt lat="50.030477" lon="20.294584"><ele>209.80</ele></trkpt>
      <trkpt lat="50.030167" lon="20.294648"><ele>210.00</ele></trkpt>
      <trkpt lat="50.029996" lon="20.294688"><ele>210.00</ele></trkpt>
      <trkpt lat="50.029957" lon="20.294699"><ele>210.20</ele></trkpt>
      <trkpt lat="50.029729" lon="20.294757"><ele>210.60</ele></trkpt>
      <trkpt lat="50.029657" lon="20.294774"><ele>211.00</ele></trkpt>
      <trkpt lat="50.029547" lon="20.294794"><ele>211.20</ele></trkpt>
      <trkpt lat="50.029478" lon="20.294798"><ele>211.20</ele></trkpt>
      <trkpt lat="50.029448" lon="20.294805"><ele>211.20</ele></trkpt>
      <trkpt lat="50.029385" lon="20.29482"><ele>211.40</ele></trkpt>
      <trkpt lat="50.029265" lon="20.294838"><ele>211.20</ele></trkpt>
      <trkpt lat="50.029228" lon="20.294844"><ele>211.00</ele></trkpt>
      <trkpt lat="50.029192" lon="20.294848"><ele>211.00</ele></trkpt>
      <trkpt lat="50.029114" lon="20.294863"><ele>211.00</ele></trkpt>
      <trkpt lat="50.029036" lon="20.294868"><ele>211.20</ele></trkpt>
      <trkpt lat="50.028964" lon="20.294876"><ele>211.40</ele></trkpt>
      <trkpt lat="50.028847" lon="20.294883"><ele>211.60</ele></trkpt>
      <trkpt lat="50.028742" lon="20.294915"><ele>211.80</ele></trkpt>
      <trkpt lat="50.028681" lon="20.294933"><ele>212.20</ele></trkpt>
      <trkpt lat="50.028512" lon="20.294996"><ele>212.40</ele></trkpt>
      <trkpt lat="50.0283" lon="20.295107"><ele>212.40</ele></trkpt>
      <trkpt lat="50.028264" lon="20.295124"><ele>212.40</ele></trkpt>
      <trkpt lat="50.028226" lon="20.295136"><ele>212.60</ele></trkpt>
      <trkpt lat="50.028192" lon="20.29515"><ele>212.60</ele></trkpt>
      <trkpt lat="50.028156" lon="20.295166"><ele>212.60</ele></trkpt>
      <trkpt lat="50.027969" lon="20.295254"><ele>212.40</ele></trkpt>
      <trkpt lat="50.027821" lon="20.295319"><ele>212.80</ele></trkpt>
      <trkpt lat="50.027786" lon="20.295323"><ele>212.80</ele></trkpt>
      <trkpt lat="50.027757" lon="20.295341"><ele>202.80</ele></trkpt>
      <trkpt lat="50.02774" lon="20.295347"><ele>202.80</ele></trkpt>
      <trkpt lat="50.027647" lon="20.295368"><ele>203.00</ele></trkpt>
      <trkpt lat="50.027564" lon="20.295398"><ele>203.20</ele></trkpt>
      <trkpt lat="50.027508" lon="20.29542"><ele>203.40</ele></trkpt>
      <trkpt lat="50.027452" lon="20.295459"><ele>203.60</ele></trkpt>
      <trkpt lat="50.027392" lon="20.295502"><ele>204.00</ele></trkpt>
      <trkpt lat="50.027217" lon="20.295585"><ele>205.20</ele></trkpt>
      <trkpt lat="50.027078" lon="20.295644"><ele>206.40</ele></trkpt>
      <trkpt lat="50.026975" lon="20.295686"><ele>207.20</ele></trkpt>
      <trkpt lat="50.026945" lon="20.2957"><ele>207.60</ele></trkpt>
      <trkpt lat="50.026837" lon="20.295757"><ele>208.80</ele></trkpt>
      <trkpt lat="50.026737" lon="20.295833"><ele>209.60</ele></trkpt>
      <trkpt lat="50.02672" lon="20.29585"><ele>209.80</ele></trkpt>
      <trkpt lat="50.026698" lon="20.295872"><ele>209.80</ele></trkpt>
      <trkpt lat="50.026652" lon="20.295919"><ele>210.00</ele></trkpt>
      <trkpt lat="50.02663" lon="20.295948"><ele>210.20</ele></trkpt>
      <trkpt lat="50.026564" lon="20.296024"><ele>210.60</ele></trkpt>
      <trkpt lat="50.026494" lon="20.296114"><ele>211.00</ele></trkpt>
      <trkpt lat="50.026466" lon="20.296137"><ele>211.00</ele></trkpt>
      <trkpt lat="50.026394" lon="20.296208"><ele>211.40</ele></trkpt>
      <trkpt lat="50.026372" lon="20.296233"><ele>211.60</ele></trkpt>
      <trkpt lat="50.0263" lon="20.296302"><ele>212.00</ele></trkpt>
      <trkpt lat="50.026273" lon="20.296331"><ele>212.00</ele></trkpt>
      <trkpt lat="50.026086" lon="20.296502"><ele>212.60</ele></trkpt>
      <trkpt lat="50.025845" lon="20.296753"><ele>212.40</ele></trkpt>
      <trkpt lat="50.025654" lon="20.29695"><ele>212.40</ele></trkpt>
      <trkpt lat="50.025533" lon="20.297101"><ele>212.40</ele></trkpt>
      <trkpt lat="50.025478" lon="20.297162"><ele>212.40</ele></trkpt>
      <trkpt lat="50.02537" lon="20.297269"><ele>212.60</ele></trkpt>
      <trkpt lat="50.025223" lon="20.297409"><ele>212.80</ele></trkpt>
      <trkpt lat="50.025142" lon="20.297499"><ele>213.20</ele></trkpt>
      <trkpt lat="50.025022" lon="20.297608"><ele>213.40</ele></trkpt>
      <trkpt lat="50.024909" lon="20.297724"><ele>213.40</ele></trkpt>
      <trkpt lat="50.024828" lon="20.297806"><ele>213.80</ele></trkpt>
      <trkpt lat="50.024577" lon="20.298051"><ele>214.00</ele></trkpt>
      <trkpt lat="50.024413" lon="20.298204"><ele>213.80</ele></trkpt>
      <trkpt lat="50.02427" lon="20.298372"><ele>213.80</ele></trkpt>
      <trkpt lat="50.024192" lon="20.298462"><ele>214.00</ele></trkpt>
      <trkpt lat="50.024105" lon="20.298559"><ele>214.20</ele></trkpt>
      <trkpt lat="50.023931" lon="20.298734"><ele>214.60</ele></trkpt>
      <trkpt lat="50.023772" lon="20.2989"><ele>214.20</ele></trkpt>
      <trkpt lat="50.023648" lon="20.298922"><ele>214.60</ele></trkpt>
      <trkpt lat="50.023603" lon="20.298809"><ele>214.40</ele></trkpt>
      <trkpt lat="50.023592" lon="20.298762"><ele>214.40</ele></trkpt>
      <trkpt lat="50.023566" lon="20.298514"><ele>214.20</ele></trkpt>
      <trkpt lat="50.023539" lon="20.298234"><ele>214.40</ele></trkpt>
      <trkpt lat="50.023521" lon="20.297908"><ele>214.80</ele></trkpt>
      <trkpt lat="50.023511" lon="20.297763"><ele>214.80</ele></trkpt>
      <trkpt lat="50.023456" lon="20.297571"><ele>214.40</ele></trkpt>
      <trkpt lat="50.023341" lon="20.297548"><ele>214.40</ele></trkpt>
      <trkpt lat="50.023154" lon="20.297584"><ele>214.40</ele></trkpt>
      <trkpt lat="50.023058" lon="20.297605"><ele>214.20</ele></trkpt>
      <trkpt lat="50.022775" lon="20.29766"><ele>214.60</ele></trkpt>
      <trkpt lat="50.022552" lon="20.297706"><ele>214.80</ele></trkpt>
      <trkpt lat="50.022417" lon="20.29773"><ele>215.00</ele></trkpt>
      <trkpt lat="50.022355" lon="20.297738"><ele>215.20</ele></trkpt>
      <trkpt lat="50.022263" lon="20.297755"><ele>215.20</ele></trkpt>
      <trkpt lat="50.021977" lon="20.297797"><ele>215.00</ele></trkpt>
      <trkpt lat="50.021735" lon="20.297829"><ele>215.20</ele></trkpt>
      <trkpt lat="50.021667" lon="20.297833"><ele>215.40</ele></trkpt>
      <trkpt lat="50.02142" lon="20.297876"><ele>215.60</ele></trkpt>
      <trkpt lat="50.021269" lon="20.297897"><ele>216.20</ele></trkpt>
      <trkpt lat="50.021186" lon="20.297911"><ele>216.00</ele></trkpt>
      <trkpt lat="50.020938" lon="20.297958"><ele>215.60</ele></trkpt>
      <trkpt lat="50.020655" lon="20.298007"><ele>215.60</ele></trkpt>
      <trkpt lat="50.020413" lon="20.298029"><ele>216.20</ele></trkpt>
      <trkpt lat="50.020221" lon="20.298048"><ele>216.80</ele></trkpt>
      <trkpt lat="50.02006" lon="20.298073"><ele>217.00</ele></trkpt>
      <trkpt lat="50.01983" lon="20.298093"><ele>216.60</ele></trkpt>
      <trkpt lat="50.019676" lon="20.298146"><ele>217.20</ele></trkpt>
      <trkpt lat="50.019627" lon="20.29816"><ele>217.20</ele></trkpt>
      <trkpt lat="50.019444" lon="20.298188"><ele>217.80</ele></trkpt>
      <trkpt lat="50.019204" lon="20.298229"><ele>218.00</ele></trkpt>
      <trkpt lat="50.019039" lon="20.298348"><ele>217.80</ele></trkpt>
      <trkpt lat="50.019024" lon="20.298377"><ele>217.80</ele></trkpt>
      <trkpt lat="50.018962" lon="20.298537"><ele>218.00</ele></trkpt>
      <trkpt lat="50.018894" lon="20.298716"><ele>218.40</ele></trkpt>
      <trkpt lat="50.018881" lon="20.298751"><ele>218.60</ele></trkpt>
      <trkpt lat="50.018857" lon="20.298822"><ele>218.60</ele></trkpt>
      <trkpt lat="50.018809" lon="20.29898"><ele>218.80</ele></trkpt>
      <trkpt lat="50.018765" lon="20.29914"><ele>218.80</ele></trkpt>
      <trkpt lat="50.018741" lon="20.299229"><ele>219.00</ele></trkpt>
      <trkpt lat="50.0187" lon="20.299402"><ele>219.60</ele></trkpt>
      <trkpt lat="50.018658" lon="20.299567"><ele>220.00</ele></trkpt>
      <trkpt lat="50.01865" lon="20.299608"><ele>220.00</ele></trkpt>
      <trkpt lat="50.018636" lon="20.299647"><ele>220.20</ele></trkpt>
      <trkpt lat="50.018625" lon="20.299687"><ele>220.40</ele></trkpt>
      <trkpt lat="50.018614" lon="20.299728"><ele>220.40</ele></trkpt>
      <trkpt lat="50.018608" lon="20.299772"><ele>220.60</ele></trkpt>
      <trkpt lat="50.018559" lon="20.299894"><ele>221.00</ele></trkpt>
      <trkpt lat="50.0185" lon="20.300005"><ele>221.60</ele></trkpt>
      <trkpt lat="50.018481" lon="20.300039"><ele>221.80</ele></trkpt>
      <trkpt lat="50.018463" lon="20.300068"><ele>221.80</ele></trkpt>
      <trkpt lat="50.018347" lon="20.300127"><ele>222.60</ele></trkpt>
      <trkpt lat="50.018263" lon="20.300055"><ele>222.40</ele></trkpt>
      <trkpt lat="50.018258" lon="20.300051"><ele>222.20</ele></trkpt>
      <trkpt lat="50.018197" lon="20.299932"><ele>212.20</ele></trkpt>
      <trkpt lat="50.018184" lon="20.299913"><ele>212.20</ele></trkpt>
      <trkpt lat="50.018137" lon="20.299866"><ele>212.60</ele></trkpt>
      <trkpt lat="50.018097" lon="20.299821"><ele>213.00</ele></trkpt>
      <trkpt lat="50.018085" lon="20.299812"><ele>213.20</ele></trkpt>
      <trkpt lat="50.017982" lon="20.299693"><ele>214.20</ele></trkpt>
      <trkpt lat="50.017963" lon="20.299673"><ele>214.40</ele></trkpt>
      <trkpt lat="50.017889" lon="20.299582"><ele>215.60</ele></trkpt>
      <trkpt lat="50.017843" lon="20.299533"><ele>216.20</ele></trkpt>
      <trkpt lat="50.017817" lon="20.299512"><ele>216.60</ele></trkpt>
      <trkpt lat="50.017752" lon="20.299423"><ele>217.80</ele></trkpt>
      <trkpt lat="50.017713" lon="20.299381"><ele>218.40</ele></trkpt>
      <trkpt lat="50.01769" lon="20.299364"><ele>218.60</ele></trkpt>
      <trkpt lat="50.017673" lon="20.299346"><ele>219.00</ele></trkpt>
      <trkpt lat="50.017611" lon="20.29928"><ele>219.80</ele></trkpt>
      <trkpt lat="50.017593" lon="20.299256"><ele>220.00</ele></trkpt>
      <trkpt lat="50.017527" lon="20.299173"><ele>220.80</ele></trkpt>
      <trkpt lat="50.017504" lon="20.299146"><ele>221.00</ele></trkpt>
      <trkpt lat="50.017435" lon="20.299073"><ele>221.80</ele></trkpt>
      <trkpt lat="50.017385" lon="20.299015"><ele>222.00</ele></trkpt>
      <trkpt lat="50.017361" lon="20.298987"><ele>222.20</ele></trkpt>
      <trkpt lat="50.017246" lon="20.298855"><ele>222.80</ele></trkpt>
      <trkpt lat="50.017199" lon="20.2988"><ele>223.20</ele></trkpt>
      <trkpt lat="50.017173" lon="20.298767"><ele>223.40</ele></trkpt>
      <trkpt lat="50.017123" lon="20.298703"><ele>223.80</ele></trkpt>
      <trkpt lat="50.017055" lon="20.298615"><ele>224.20</ele></trkpt>
      <trkpt lat="50.017034" lon="20.298584"><ele>224.20</ele></trkpt>
      <trkpt lat="50.017011" lon="20.298556"><ele>224.40</ele></trkpt>
      <trkpt lat="50.016861" lon="20.298376"><ele>224.80</ele></trkpt>
      <trkpt lat="50.016684" lon="20.298152"><ele>225.20</ele></trkpt>
      <trkpt lat="50.016658" lon="20.298117"><ele>225.40</ele></trkpt>
      <trkpt lat="50.01658" lon="20.298013"><ele>225.60</ele></trkpt>
      <trkpt lat="50.016526" lon="20.297941"><ele>225.60</ele></trkpt>
      <trkpt lat="50.016477" lon="20.29787"><ele>225.80</ele></trkpt>
      <trkpt lat="50.016451" lon="20.297836"><ele>225.80</ele></trkpt>
      <trkpt lat="50.016357" lon="20.297712"><ele>226.20</ele></trkpt>
      <trkpt lat="50.016172" lon="20.297485"><ele>226.20</ele></trkpt>
      <trkpt lat="50.016123" lon="20.297418"><ele>226.40</ele></trkpt>
      <trkpt lat="50.01594" lon="20.297185"><ele>226.60</ele></trkpt>
      <trkpt lat="50.01589" lon="20.297112"><ele>226.80</ele></trkpt>
      <trkpt lat="50.015762" lon="20.296941"><ele>226.60</ele></trkpt>
      <trkpt lat="50.015531" lon="20.296647"><ele>226.40</ele></trkpt>
      <trkpt lat="50.015435" lon="20.296512"><ele>226.60</ele></trkpt>
      <trkpt lat="50.015382" lon="20.296448"><ele>226.40</ele></trkpt>
      <trkpt lat="50.015355" lon="20.296412"><ele>226.40</ele></trkpt>
      <trkpt lat="50.015253" lon="20.296274"><ele>226.40</ele></trkpt>
      <trkpt lat="50.01513" lon="20.296097"><ele>226.60</ele></trkpt>
      <trkpt lat="50.014886" lon="20.295802"><ele>227.40</ele></trkpt>
      <trkpt lat="50.014836" lon="20.295744"><ele>227.60</ele></trkpt>
      <trkpt lat="50.014678" lon="20.295552"><ele>227.40</ele></trkpt>
      <trkpt lat="50.014479" lon="20.295251"><ele>227.20</ele></trkpt>
      <trkpt lat="50.014315" lon="20.295022"><ele>226.80</ele></trkpt>
      <trkpt lat="50.014258" lon="20.294949"><ele>226.40</ele></trkpt>
      <trkpt lat="50.014124" lon="20.294766"><ele>225.80</ele></trkpt>
      <trkpt lat="50.014044" lon="20.294656"><ele>225.40</ele></trkpt>
      <trkpt lat="50.01395" lon="20.294518"><ele>225.20</ele></trkpt>
      <trkpt lat="50.013677" lon="20.294128"><ele>225.40</ele></trkpt>
      <trkpt lat="50.013471" lon="20.293878"><ele>225.00</ele></trkpt>
      <trkpt lat="50.013281" lon="20.29367"><ele>225.60</ele></trkpt>
      <trkpt lat="50.013031" lon="20.293433"><ele>226.00</ele></trkpt>
      <trkpt lat="50.012853" lon="20.293264"><ele>226.20</ele></trkpt>
      <trkpt lat="50.012715" lon="20.293137"><ele>226.40</ele></trkpt>
      <trkpt lat="50.012685" lon="20.293113"><ele>226.40</ele></trkpt>
      <trkpt lat="50.012486" lon="20.292928"><ele>226.60</ele></trkpt>
      <trkpt lat="50.012224" lon="20.29273"><ele>226.20</ele></trkpt>
      <trkpt lat="50.012013" lon="20.292551"><ele>225.60</ele></trkpt>
      <trkpt lat="50.011852" lon="20.29242"><ele>225.20</ele></trkpt>
      <trkpt lat="50.011736" lon="20.292307"><ele>225.00</ele></trkpt>
      <trkpt lat="50.011692" lon="20.292276"><ele>224.80</ele></trkpt>
      <trkpt lat="50.011576" lon="20.292183"><ele>224.80</ele></trkpt>
      <trkpt lat="50.011499" lon="20.29212"><ele>225.00</ele></trkpt>
      <trkpt lat="50.011265" lon="20.291882"><ele>225.40</ele></trkpt>
      <trkpt lat="50.011126" lon="20.291672"><ele>226.20</ele></trkpt>
      <trkpt lat="50.011084" lon="20.291586"><ele>226.40</ele></trkpt>
      <trkpt lat="50.011018" lon="20.291462"><ele>226.80</ele></trkpt>
      <trkpt lat="50.010907" lon="20.291255"><ele>227.40</ele></trkpt>
      <trkpt lat="50.010862" lon="20.291176"><ele>227.60</ele></trkpt>
      <trkpt lat="50.010789" lon="20.291046"><ele>227.60</ele></trkpt>
      <trkpt lat="50.010682" lon="20.290827"><ele>227.80</ele></trkpt>
      <trkpt lat="50.01051" lon="20.290505"><ele>227.20</ele></trkpt>
      <trkpt lat="50.010359" lon="20.290262"><ele>227.80</ele></trkpt>
      <trkpt lat="50.010221" lon="20.289995"><ele>227.40</ele></trkpt>
      <trkpt lat="50.010094" lon="20.289762"><ele>228.60</ele></trkpt>
      <trkpt lat="50.010048" lon="20.289678"><ele>228.60</ele></trkpt>
      <trkpt lat="50.009948" lon="20.289485"><ele>228.00</ele></trkpt>
      <trkpt lat="50.009847" lon="20.289293"><ele>227.40</ele></trkpt>
      <trkpt lat="50.009793" lon="20.289197"><ele>227.00</ele></trkpt>
      <trkpt lat="50.009543" lon="20.288736"><ele>227.40</ele></trkpt>
      <trkpt lat="50.009329" lon="20.288378"><ele>227.60</ele></trkpt>
      <trkpt lat="50.009101" lon="20.28803"><ele>227.80</ele></trkpt>
      <trkpt lat="50.008925" lon="20.28776"><ele>227.40</ele></trkpt>
      <trkpt lat="50.008744" lon="20.287515"><ele>228.00</ele></trkpt>
      <trkpt lat="50.008539" lon="20.287264"><ele>228.20</ele></trkpt>
      <trkpt lat="50.008482" lon="20.287202"><ele>228.40</ele></trkpt>
      <trkpt lat="50.008401" lon="20.287125"><ele>228.80</ele></trkpt>
      <trkpt lat="50.008313" lon="20.287043"><ele>229.00</ele></trkpt>
      <trkpt lat="50.008024" lon="20.286745"><ele>228.80</ele></trkpt>
      <trkpt lat="50.007766" lon="20.286456"><ele>228.80</ele></trkpt>
      <trkpt lat="50.007621" lon="20.286299"><ele>229.40</ele></trkpt>
      <trkpt lat="50.007594" lon="20.286266"><ele>229.60</ele></trkpt>
      <trkpt lat="50.007433" lon="20.286107"><ele>229.00</ele></trkpt>
      <trkpt lat="50.007312" lon="20.285978"><ele>228.60</ele></trkpt>
      <trkpt lat="50.007149" lon="20.285813"><ele>228.00</ele></trkpt>
      <trkpt lat="50.006924" lon="20.285602"><ele>229.40</ele></trkpt>
      <trkpt lat="50.00667" lon="20.285429"><ele>229.40</ele></trkpt>
      <trkpt lat="50.006508" lon="20.285351"><ele>229.20</ele></trkpt>
      <trkpt lat="50.006375" lon="20.285277"><ele>229.20</ele></trkpt>
      <trkpt lat="50.006253" lon="20.285211"><ele>229.40</ele></trkpt>
      <trkpt lat="50.00622" lon="20.285193"><ele>229.60</ele></trkpt>
      <trkpt lat="50.006082" lon="20.285133"><ele>230.00</ele></trkpt>
      <trkpt lat="50.006051" lon="20.285117"><ele>230.20</ele></trkpt>
      <trkpt lat="50.005954" lon="20.285057"><ele>229.80</ele></trkpt>
      <trkpt lat="50.005894" lon="20.285033"><ele>229.80</ele></trkpt>
      <trkpt lat="50.005831" lon="20.285003"><ele>230.00</ele></trkpt>
      <trkpt lat="50.005643" lon="20.284926"><ele>230.20</ele></trkpt>
      <trkpt lat="50.005454" lon="20.284848"><ele>229.40</ele></trkpt>
      <trkpt lat="50.005187" lon="20.284705"><ele>229.00</ele></trkpt>
      <trkpt lat="50.004956" lon="20.284575"><ele>228.80</ele></trkpt>
      <trkpt lat="50.00489" lon="20.284544"><ele>228.60</ele></trkpt>
      <trkpt lat="50.004733" lon="20.284473"><ele>227.60</ele></trkpt>
      <trkpt lat="50.004694" lon="20.284458"><ele>227.40</ele></trkpt>
      <trkpt lat="50.004659" lon="20.284439"><ele>227.20</ele></trkpt>
      <trkpt lat="50.004518" lon="20.284389"><ele>227.80</ele></trkpt>
      <trkpt lat="50.004424" lon="20.28436"><ele>228.40</ele></trkpt>
      <trkpt lat="50.004218" lon="20.284299"><ele>229.40</ele></trkpt>
      <trkpt lat="50.004186" lon="20.284292"><ele>229.60</ele></trkpt>
      <trkpt lat="50.004154" lon="20.284285"><ele>229.60</ele></trkpt>
      <trkpt lat="50.004126" lon="20.284282"><ele>229.80</ele></trkpt>
      <trkpt lat="50.003925" lon="20.284276"><ele>230.40</ele></trkpt>
      <trkpt lat="50.003859" lon="20.284269"><ele>230.40</ele></trkpt>
      <trkpt lat="50.003681" lon="20.28424"><ele>230.40</ele></trkpt>
      <trkpt lat="50.003642" lon="20.284235"><ele>230.40</ele></trkpt>
      <trkpt lat="50.003566" lon="20.284234"><ele>230.40</ele></trkpt>
      <trkpt lat="50.003414" lon="20.284223"><ele>230.60</ele></trkpt>
      <trkpt lat="50.003151" lon="20.284244"><ele>231.60</ele></trkpt>
      <trkpt lat="50.003077" lon="20.284243"><ele>231.80</ele></trkpt>
      <trkpt lat="50.002963" lon="20.284241"><ele>232.00</ele></trkpt>
      <trkpt lat="50.002848" lon="20.284243"><ele>232.40</ele></trkpt>
      <trkpt lat="50.00281" lon="20.284246"><ele>232.60</ele></trkpt>
      <trkpt lat="50.002738" lon="20.28425"><ele>233.00</ele></trkpt>
      <trkpt lat="50.002639" lon="20.284262"><ele>233.00</ele></trkpt>
      <trkpt lat="50.002524" lon="20.28431"><ele>232.80</ele></trkpt>
      <trkpt lat="50.002436" lon="20.284498"><ele>232.40</ele></trkpt>
      <trkpt lat="50.002426" lon="20.28461"><ele>232.40</ele></trkpt>
      <trkpt lat="50.002417" lon="20.284845"><ele>232.20</ele></trkpt>
      <trkpt lat="50.002442" lon="20.285307"><ele>232.00</ele></trkpt>
      <trkpt lat="50.002454" lon="20.285551"><ele>231.60</ele></trkpt>
      <trkpt lat="50.002456" lon="20.285614"><ele>231.60</ele></trkpt>
      <trkpt lat="50.002458" lon="20.285679"><ele>231.40</ele></trkpt>
      <trkpt lat="50.002456" lon="20.285805"><ele>231.40</ele></trkpt>
      <trkpt lat="50.002404" lon="20.286263"><ele>230.60</ele></trkpt>
      <trkpt lat="50.002397" lon="20.286407"><ele>230.40</ele></trkpt>
      <trkpt lat="50.00238" lon="20.286756"><ele>230.80</ele></trkpt>
      <trkpt lat="50.002325" lon="20.287323"><ele>230.40</ele></trkpt>
      <trkpt lat="50.002301" lon="20.287894"><ele>229.40</ele></trkpt>
      <trkpt lat="50.002265" lon="20.288415"><ele>229.60</ele></trkpt>
      <trkpt lat="50.002263" lon="20.288486"><ele>229.60</ele></trkpt>
      <trkpt lat="50.002228" lon="20.289075"><ele>230.00</ele></trkpt>
      <trkpt lat="50.002221" lon="20.289147"><ele>230.00</ele></trkpt>
      <trkpt lat="50.002207" lon="20.289349"><ele>229.40</ele></trkpt>
      <trkpt lat="50.002192" lon="20.289756"><ele>228.60</ele></trkpt>
      <trkpt lat="50.002163" lon="20.290378"><ele>228.80</ele></trkpt>
      <trkpt lat="50.002155" lon="20.290449"><ele>228.80</ele></trkpt>
      <trkpt lat="50.002132" lon="20.290787"><ele>229.20</ele></trkpt>
      <trkpt lat="50.002132" lon="20.290921"><ele>229.00</ele></trkpt>
      <trkpt lat="50.00212" lon="20.291263"><ele>229.40</ele></trkpt>
      <trkpt lat="50.002119" lon="20.291477"><ele>229.60</ele></trkpt>
      <trkpt lat="50.002115" lon="20.291609"><ele>229.40</ele></trkpt>
      <trkpt lat="50.002106" lon="20.292037"><ele>228.80</ele></trkpt>
      <trkpt lat="50.002099" lon="20.292247"><ele>229.00</ele></trkpt>
      <trkpt lat="50.0021" lon="20.292451"><ele>229.20</ele></trkpt>
      <trkpt lat="50.0021" lon="20.292591"><ele>229.20</ele></trkpt>
      <trkpt lat="50.002094" lon="20.292736"><ele>229.20</ele></trkpt>
      <trkpt lat="50.002069" lon="20.293245"><ele>229.60</ele></trkpt>
      <trkpt lat="50.002068" lon="20.293315"><ele>229.80</ele></trkpt>
      <trkpt lat="50.002067" lon="20.293386"><ele>229.80</ele></trkpt>
      <trkpt lat="50.002058" lon="20.293454"><ele>229.80</ele></trkpt>
      <trkpt lat="50.002045" lon="20.293678"><ele>229.60</ele></trkpt>
      <trkpt lat="50.002039" lon="20.293745"><ele>229.60</ele></trkpt>
      <trkpt lat="50.002017" lon="20.294322"><ele>229.40</ele></trkpt>
      <trkpt lat="50.002012" lon="20.294458"><ele>229.40</ele></trkpt>
      <trkpt lat="50.002" lon="20.29488"><ele>229.40</ele></trkpt>
      <trkpt lat="50.001998" lon="20.294953"><ele>229.40</ele></trkpt>
      <trkpt lat="50.001968" lon="20.295442"><ele>229.80</ele></trkpt>
      <trkpt lat="50.001924" lon="20.295952"><ele>229.80</ele></trkpt>
      <trkpt lat="50.001917" lon="20.296023"><ele>229.80</ele></trkpt>
      <trkpt lat="50.001885" lon="20.2965"><ele>230.00</ele></trkpt>
      <trkpt lat="50.001866" lon="20.296931"><ele>230.20</ele></trkpt>
      <trkpt lat="50.00186" lon="20.296998"><ele>230.20</ele></trkpt>
      <trkpt lat="50.001842" lon="20.297479"><ele>230.40</ele></trkpt>
      <trkpt lat="50.001839" lon="20.297607"><ele>230.60</ele></trkpt>
      <trkpt lat="50.001822" lon="20.297789"><ele>231.20</ele></trkpt>
      <trkpt lat="50.00181" lon="20.298306"><ele>230.40</ele></trkpt>
      <trkpt lat="50.001803" lon="20.298991"><ele>229.60</ele></trkpt>
      <trkpt lat="50.001792" lon="20.29944"><ele>229.40</ele></trkpt>
      <trkpt lat="50.001786" lon="20.299495"><ele>229.40</ele></trkpt>
      <trkpt lat="50.001722" lon="20.299796"><ele>229.40</ele></trkpt>
      <trkpt lat="50.001706" lon="20.299853"><ele>229.20</ele></trkpt>
      <trkpt lat="50.001676" lon="20.299978"><ele>228.60</ele></trkpt>
      <trkpt lat="50.001653" lon="20.3001"><ele>228.40</ele></trkpt>
      <trkpt lat="50.001649" lon="20.300231"><ele>228.60</ele></trkpt>
      <trkpt lat="50.001675" lon="20.300246"><ele>228.60</ele></trkpt>
      <trkpt lat="50.001693" lon="20.300223"><ele>228.20</ele></trkpt>
      <trkpt lat="50.001723" lon="20.300105"><ele>228.00</ele></trkpt>
      <trkpt lat="50.001809" lon="20.299988"><ele>229.60</ele></trkpt>
      <trkpt lat="50.001833" lon="20.299964"><ele>229.80</ele></trkpt>
      <trkpt lat="50.001876" lon="20.299942"><ele>230.60</ele></trkpt>
      <trkpt lat="50.001949" lon="20.30075"><ele>222.20</ele></trkpt>
      <trkpt lat="50.001949" lon="20.30075"><ele>222.20</ele></trkpt>
      <trkpt lat="50.034268" lon="19.974995"><ele>227.00</ele></trkpt>
      <trkpt lat="50.034258" lon="19.975005"><ele>227.00</ele></trkpt>
      <trkpt lat="50.034409" lon="19.974777"><ele>226.60</ele></trkpt>
      <trkpt lat="50.034418" lon="19.974757"><ele>226.80</ele></trkpt>
      <trkpt lat="50.034426" lon="19.97474"><ele>227.00</ele></trkpt>
      <trkpt lat="50.034458" lon="19.974647"><ele>226.60</ele></trkpt>
      <trkpt lat="50.03448" lon="19.974606"><ele>226.40</ele></trkpt>
      <trkpt lat="50.034503" lon="19.974546"><ele>226.40</ele></trkpt>
      <trkpt lat="50.034488" lon="19.974512"><ele>226.40</ele></trkpt>
      <trkpt lat="50.034465" lon="19.974474"><ele>226.40</ele></trkpt>
      <trkpt lat="50.034453" lon="19.974457"><ele>226.40</ele></trkpt>
      <trkpt lat="50.034413" lon="19.974398"><ele>226.00</ele></trkpt>
      <trkpt lat="50.034365" lon="19.974251"><ele>225.40</ele></trkpt>
      <trkpt lat="50.034374" lon="19.974213"><ele>225.40</ele></trkpt>
      <trkpt lat="50.034402" lon="19.97413"><ele>225.20</ele></trkpt>
      <trkpt lat="50.03435" lon="19.973983"><ele>225.20</ele></trkpt>
      <trkpt lat="50.034227" lon="19.973849"><ele>225.80</ele></trkpt>
      <trkpt lat="50.034209" lon="19.973838"><ele>226.00</ele></trkpt>
      <trkpt lat="50.034097" lon="19.973671"><ele>226.00</ele></trkpt>
      <trkpt lat="50.034027" lon="19.973493"><ele>226.20</ele></trkpt>
      <trkpt lat="50.034011" lon="19.973467"><ele>226.20</ele></trkpt>
      <trkpt lat="50.033994" lon="19.973438"><ele>226.20</ele></trkpt>
      <trkpt lat="50.033976" lon="19.973408"><ele>226.20</ele></trkpt>
      <trkpt lat="50.033899" lon="19.973281"><ele>226.40</ele></trkpt>
      <trkpt lat="50.033869" lon="19.973226"><ele>226.20</ele></trkpt>
      <trkpt lat="50.033802" lon="19.973028"><ele>226.20</ele></trkpt>
      <trkpt lat="50.033762" lon="19.972894"><ele>226.20</ele></trkpt>
      <trkpt lat="50.03374" lon="19.972842"><ele>226.00</ele></trkpt>
      <trkpt lat="50.033696" lon="19.972691"><ele>226.00</ele></trkpt>
      <trkpt lat="50.033665" lon="19.972552"><ele>226.20</ele></trkpt>
      <trkpt lat="50.03367" lon="19.972513"><ele>226.40</ele></trkpt>
      <trkpt lat="50.033707" lon="19.97257"><ele>228.60</ele></trkpt>
      <trkpt lat="50.033693" lon="19.972577"><ele>228.40</ele></trkpt>
      <trkpt lat="50.03369" lon="19.972604"><ele>228.40</ele></trkpt>
      <trkpt lat="50.033695" lon="19.972624"><ele>228.40</ele></trkpt>
      <trkpt lat="50.033721" lon="19.972689"><ele>228.00</ele></trkpt>
      <trkpt lat="50.033754" lon="19.972769"><ele>227.60</ele></trkpt>
      <trkpt lat="50.033775" lon="19.972823"><ele>227.40</ele></trkpt>
      <trkpt lat="50.033811" lon="19.972942"><ele>227.40</ele></trkpt>
      <trkpt lat="50.033932" lon="19.973238"><ele>226.80</ele></trkpt>
      <trkpt lat="50.034071" lon="19.973524"><ele>227.60</ele></trkpt>
      <trkpt lat="50.034231" lon="19.973747"><ele>228.00</ele></trkpt>
      <trkpt lat="50.034316" lon="19.973846"><ele>228.40</ele></trkpt>
      <trkpt lat="50.034373" lon="19.973923"><ele>228.80</ele></trkpt>
      <trkpt lat="50.034391" lon="19.973951"><ele>229.00</ele></trkpt>
      <trkpt lat="50.034431" lon="19.974048"><ele>229.60</ele></trkpt>
      <trkpt lat="50.034449" lon="19.974165"><ele>229.60</ele></trkpt>
      <trkpt lat="50.034408" lon="19.974315"><ele>228.80</ele></trkpt>
      <trkpt lat="50.034354" lon="19.974393"><ele>228.40</ele></trkpt>
      <trkpt lat="50.034278" lon="19.974475"><ele>228.00</ele></trkpt>
      <trkpt lat="50.034126" lon="19.974668"><ele>228.20</ele></trkpt>
      <trkpt lat="50.034104" lon="19.974697"><ele>228.60</ele></trkpt>
      <trkpt lat="50.033936" lon="19.974934"><ele>229.40</ele></trkpt>
      <trkpt lat="50.033912" lon="19.97497"><ele>229.40</ele></trkpt>
      <trkpt lat="50.033755" lon="19.975162"><ele>229.20</ele></trkpt>
      <trkpt lat="50.033722" lon="19.975203"><ele>229.20</ele></trkpt>
      <trkpt lat="50.033628" lon="19.975328"><ele>228.80</ele></trkpt>
      <trkpt lat="50.033495" lon="19.975511"><ele>228.80</ele></trkpt>
      <trkpt lat="50.033398" lon="19.975652"><ele>229.40</ele></trkpt>
      <trkpt lat="50.033276" lon="19.975813"><ele>230.00</ele></trkpt>
      <trkpt lat="50.033247" lon="19.975849"><ele>230.00</ele></trkpt>
      <trkpt lat="50.033087" lon="19.976073"><ele>230.20</ele></trkpt>
      <trkpt lat="50.033041" lon="19.976129"><ele>230.60</ele></trkpt>
      <trkpt lat="50.032927" lon="19.97631"><ele>231.00</ele></trkpt>
      <trkpt lat="50.032934" lon="19.976339"><ele>230.80</ele></trkpt>
      <trkpt lat="50.032954" lon="19.976327"><ele>230.40</ele></trkpt>
      <trkpt lat="50.032993" lon="19.976245"><ele>229.40</ele></trkpt>
      <trkpt lat="50.033039" lon="19.976177"><ele>229.20</ele></trkpt>
      <trkpt lat="50.03316" lon="19.976068"><ele>229.80</ele></trkpt>
      <trkpt lat="50.033166" lon="19.9761"><ele>230.00</ele></trkpt>
      <trkpt lat="50.033148" lon="19.976122"><ele>230.40</ele></trkpt>
      <trkpt lat="50.033125" lon="19.976135"><ele>228.80</ele></trkpt>
      <trkpt lat="50.03309" lon="19.976182"><ele>228.80</ele></trkpt>
      <trkpt lat="50.03303" lon="19.976278"><ele>228.40</ele></trkpt>
      <trkpt lat="50.033002" lon="19.976319"><ele>228.00</ele></trkpt>
      <trkpt lat="50.032955" lon="19.976404"><ele>227.80</ele></trkpt>
      <trkpt lat="50.03295" lon="19.976433"><ele>227.80</ele></trkpt>
      <trkpt lat="50.03295" lon="19.976463"><ele>228.00</ele></trkpt>
      <trkpt lat="50.032954" lon="19.976542"><ele>228.20</ele></trkpt>
      <trkpt lat="50.032983" lon="19.976638"><ele>228.40</ele></trkpt>
      <trkpt lat="50.033064" lon="19.976661"><ele>228.00</ele></trkpt>
      <trkpt lat="50.033155" lon="19.976659"><ele>227.60</ele></trkpt>
      <trkpt lat="50.033159" lon="19.976648"><ele>228.40</ele></trkpt>
      <trkpt lat="50.033104" lon="19.976552"><ele>242.40</ele></trkpt>
      <trkpt lat="50.033114" lon="19.976571"><ele>242.60</ele></trkpt>
      <trkpt lat="50.033175" lon="19.976669"><ele>241.60</ele></trkpt>
      <trkpt lat="50.033201" lon="19.976711"><ele>241.20</ele></trkpt>
      <trkpt lat="50.033236" lon="19.97678"><ele>240.80</ele></trkpt>
      <trkpt lat="50.033268" lon="19.976846"><ele>240.40</ele></trkpt>
      <trkpt lat="50.033279" lon="19.976872"><ele>240.20</ele></trkpt>
      <trkpt lat="50.033407" lon="19.977064"><ele>240.20</ele></trkpt>
      <trkpt lat="50.033427" lon="19.977095"><ele>240.40</ele></trkpt>
      <trkpt lat="50.033447" lon="19.977125"><ele>240.60</ele></trkpt>
      <trkpt lat="50.033519" lon="19.977238"><ele>241.40</ele></trkpt>
      <trkpt lat="50.033607" lon="19.977395"><ele>242.20</ele></trkpt>
      <trkpt lat="50.033643" lon="19.977456"><ele>242.40</ele></trkpt>
      <trkpt lat="50.033774" lon="19.977665"><ele>242.80</ele></trkpt>
      <trkpt lat="50.033932" lon="19.977907"><ele>243.40</ele></trkpt>
      <trkpt lat="50.033951" lon="19.977936"><ele>243.60</ele></trkpt>
      <trkpt lat="50.034145" lon="19.978258"><ele>243.20</ele></trkpt>
      <trkpt lat="50.034289" lon="19.9785"><ele>242.40</ele></trkpt>
      <trkpt lat="50.034308" lon="19.978527"><ele>242.40</ele></trkpt>
      <trkpt lat="50.034326" lon="19.978559"><ele>242.20</ele></trkpt>
      <trkpt lat="50.034348" lon="19.978591"><ele>242.20</ele></trkpt>
      <trkpt lat="50.034446" lon="19.978729"><ele>241.60</ele></trkpt>
      <trkpt lat="50.034472" lon="19.978768"><ele>241.40</ele></trkpt>
      <trkpt lat="50.034497" lon="19.978811"><ele>241.20</ele></trkpt>
      <trkpt lat="50.034547" lon="19.978892"><ele>241.20</ele></trkpt>
      <trkpt lat="50.034711" lon="19.979157"><ele>241.60</ele></trkpt>
      <trkpt lat="50.034764" lon="19.979247"><ele>242.00</ele></trkpt>
      <trkpt lat="50.034876" lon="19.979436"><ele>242.00</ele></trkpt>
      <trkpt lat="50.035047" lon="19.979731"><ele>241.00</ele></trkpt>
      <trkpt lat="50.035124" lon="19.97987"><ele>240.40</ele></trkpt>
      <trkpt lat="50.035197" lon="19.980001"><ele>239.80</ele></trkpt>
      <trkpt lat="50.035249" lon="19.980097"><ele>239.60</ele></trkpt>
      <trkpt lat="50.035275" lon="19.98015"><ele>239.20</ele></trkpt>
      <trkpt lat="50.0355" lon="19.980543"><ele>238.60</ele></trkpt>
      <trkpt lat="50.035751" lon="19.980994"><ele>238.00</ele></trkpt>
      <trkpt lat="50.035782" lon="19.981052"><ele>237.80</ele></trkpt>
      <trkpt lat="50.035813" lon="19.981107"><ele>237.60</ele></trkpt>
      <trkpt lat="50.035977" lon="19.981385"><ele>237.20</ele></trkpt>
      <trkpt lat="50.036007" lon="19.981438"><ele>237.00</ele></trkpt>
      <trkpt lat="50.036099" lon="19.981609"><ele>236.80</ele></trkpt>
      <trkpt lat="50.036317" lon="19.982"><ele>236.20</ele></trkpt>
      <trkpt lat="50.036339" lon="19.982104"><ele>236.00</ele></trkpt>
      <trkpt lat="50.03633" lon="19.982163"><ele>235.80</ele></trkpt>
      <trkpt lat="50.036308" lon="19.98221"><ele>235.60</ele></trkpt>
      <trkpt lat="50.0362" lon="19.982273"><ele>235.60</ele></trkpt>
      <trkpt lat="50.036161" lon="19.982252"><ele>235.60</ele></trkpt>
      <trkpt lat="50.036099" lon="19.982159"><ele>235.00</ele></trkpt>
      <trkpt lat="50.036072" lon="19.982105"><ele>234.80</ele></trkpt>
      <trkpt lat="50.035866" lon="19.98174"><ele>234.20</ele></trkpt>
      <trkpt lat="50.035686" lon="19.981424"><ele>234.80</ele></trkpt>
      <trkpt lat="50.035613" lon="19.981306"><ele>234.80</ele></trkpt>
      <trkpt lat="50.035562" lon="19.981135"><ele>234.40</ele></trkpt>
      <trkpt lat="50.035607" lon="19.98108"><ele>234.40</ele></trkpt>
      <trkpt lat="50.035633" lon="19.981096"><ele>234.20</ele></trkpt>
      <trkpt lat="50.035721" lon="19.981257"><ele>233.60</ele></trkpt>
      <trkpt lat="50.035827" lon="19.981457"><ele>233.20</ele></trkpt>
      <trkpt lat="50.035886" lon="19.981568"><ele>233.00</ele></trkpt>
      <trkpt lat="50.03595" lon="19.981684"><ele>232.60</ele></trkpt>
      <trkpt lat="50.035985" lon="19.981739"><ele>232.60</ele></trkpt>
      <trkpt lat="50.036194" lon="19.982097"><ele>231.60</ele></trkpt>
      <trkpt lat="50.03625" lon="19.982195"><ele>231.60</ele></trkpt>
      <trkpt lat="50.036304" lon="19.982333"><ele>232.20</ele></trkpt>
      <trkpt lat="50.036297" lon="19.982402"><ele>231.60</ele></trkpt>
      <trkpt lat="50.03628" lon="19.98242"><ele>231.40</ele></trkpt>
      <trkpt lat="50.036256" lon="19.98244"><ele>231.40</ele></trkpt>
      <trkpt lat="50.036207" lon="19.982553"><ele>231.40</ele></trkpt>
      <trkpt lat="50.036217" lon="19.98258"><ele>231.40</ele></trkpt>
      <trkpt lat="50.036233" lon="19.9826"><ele>231.40</ele></trkpt>
      <trkpt lat="50.036287" lon="19.982659"><ele>230.80</ele></trkpt>
      <trkpt lat="50.036302" lon="19.982742"><ele>230.40</ele></trkpt>
      <trkpt lat="50.036318" lon="19.982835"><ele>230.20</ele></trkpt>
      <trkpt lat="50.036418" lon="19.983031"><ele>229.40</ele></trkpt>
      <trkpt lat="50.036455" lon="19.983175"><ele>229.20</ele></trkpt>
      <trkpt lat="50.036472" lon="19.983221"><ele>229.00</ele></trkpt>
      <trkpt lat="50.036511" lon="19.983295"><ele>228.80</ele></trkpt>
      <trkpt lat="50.036634" lon="19.983495"><ele>228.60</ele></trkpt>
      <trkpt lat="50.03665" lon="19.983548"><ele>228.60</ele></trkpt>
      <trkpt lat="50.036615" lon="19.983756"><ele>229.40</ele></trkpt>
      <trkpt lat="50.036613" lon="19.983865"><ele>229.80</ele></trkpt>
      <trkpt lat="50.036651" lon="19.983953"><ele>230.40</ele></trkpt>
      <trkpt lat="50.036668" lon="19.983996"><ele>230.60</ele></trkpt>
      <trkpt lat="50.036775" lon="19.984214"><ele>231.40</ele></trkpt>
      <trkpt lat="50.036787" lon="19.984266"><ele>231.40</ele></trkpt>
      <trkpt lat="50.036806" lon="19.984375"><ele>231.60</ele></trkpt>
      <trkpt lat="50.036786" lon="19.984513"><ele>231.80</ele></trkpt>
      <trkpt lat="50.036742" lon="19.98465"><ele>231.80</ele></trkpt>
      <trkpt lat="50.036696" lon="19.984737"><ele>231.60</ele></trkpt>
      <trkpt lat="50.036546" lon="19.985054"><ele>231.40</ele></trkpt>
      <trkpt lat="50.036375" lon="19.985407"><ele>231.40</ele></trkpt>
      <trkpt lat="50.036185" lon="19.985822"><ele>232.20</ele></trkpt>
      <trkpt lat="50.036157" lon="19.985871"><ele>232.20</ele></trkpt>
      <trkpt lat="50.036081" lon="19.986026"><ele>232.20</ele></trkpt>
      <trkpt lat="50.036029" lon="19.986124"><ele>232.20</ele></trkpt>
      <trkpt lat="50.035947" lon="19.986272"><ele>232.20</ele></trkpt>
      <trkpt lat="50.035867" lon="19.986426"><ele>232.60</ele></trkpt>
      <trkpt lat="50.035737" lon="19.986661"><ele>232.40</ele></trkpt>
      <trkpt lat="50.035735" lon="19.986763"><ele>232.60</ele></trkpt>
      <trkpt lat="50.035751" lon="19.986811"><ele>232.60</ele></trkpt>
      <trkpt lat="50.035894" lon="19.987028"><ele>233.20</ele></trkpt>
      <trkpt lat="50.035959" lon="19.987115"><ele>233.20</ele></trkpt>
      <trkpt lat="50.036169" lon="19.987364"><ele>232.80</ele></trkpt>
      <trkpt lat="50.036206" lon="19.987401"><ele>232.80</ele></trkpt>
      <trkpt lat="50.036329" lon="19.987556"><ele>233.00</ele></trkpt>
      <trkpt lat="50.03639" lon="19.987649"><ele>233.00</ele></trkpt>
      <trkpt lat="50.036453" lon="19.987732"><ele>233.00</ele></trkpt>
      <trkpt lat="50.03664" lon="19.987974"><ele>233.20</ele></trkpt>
      <trkpt lat="50.036751" lon="19.988108"><ele>233.20</ele></trkpt>
      <trkpt lat="50.037061" lon="19.988503"><ele>233.20</ele></trkpt>
      <trkpt lat="50.037233" lon="19.988742"><ele>233.40</ele></trkpt>
      <trkpt lat="50.037318" lon="19.98884"><ele>233.40</ele></trkpt>
      <trkpt lat="50.03735" lon="19.98888"><ele>233.40</ele></trkpt>
      <trkpt lat="50.03741" lon="19.988978"><ele>233.40</ele></trkpt>
      <trkpt lat="50.037474" lon="19.989078"><ele>233.20</ele></trkpt>
      <trkpt lat="50.03754" lon="19.989177"><ele>233.20</ele></trkpt>
      <trkpt lat="50.037795" lon="19.989548"><ele>232.40</ele></trkpt>
      <trkpt lat="50.037856" lon="19.98964"><ele>232.60</ele></trkpt>
      <trkpt lat="50.038087" lon="19.989971"><ele>233.20</ele></trkpt>
      <trkpt lat="50.038207" lon="19.990263"><ele>233.20</ele></trkpt>
      <trkpt lat="50.038112" lon="19.990415"><ele>233.20</ele></trkpt>
      <trkpt lat="50.037918" lon="19.990726"><ele>233.00</ele></trkpt>
      <trkpt lat="50.037827" lon="19.990864"><ele>233.00</ele></trkpt>
      <trkpt lat="50.037686" lon="19.991049"><ele>233.00</ele></trkpt>
      <trkpt lat="50.037493" lon="19.99133"><ele>232.80</ele></trkpt>
      <trkpt lat="50.037437" lon="19.991434"><ele>233.00</ele></trkpt>
      <trkpt lat="50.037246" lon="19.991735"><ele>233.60</ele></trkpt>
      <trkpt lat="50.037146" lon="19.991882"><ele>233.40</ele></trkpt>
      <trkpt lat="50.037084" lon="19.991978"><ele>233.00</ele></trkpt>
      <trkpt lat="50.03702" lon="19.99207"><ele>232.40</ele></trkpt>
      <trkpt lat="50.036938" lon="19.992191"><ele>232.40</ele></trkpt>
      <trkpt lat="50.036914" lon="19.992228"><ele>232.60</ele></trkpt>
      <trkpt lat="50.03688" lon="19.992376"><ele>233.00</ele></trkpt>
      <trkpt lat="50.036878" lon="19.99251"><ele>232.80</ele></trkpt>
      <trkpt lat="50.036871" lon="19.992622"><ele>232.60</ele></trkpt>
      <trkpt lat="50.036866" lon="19.993084"><ele>232.80</ele></trkpt>
      <trkpt lat="50.036875" lon="19.993631"><ele>233.60</ele></trkpt>
      <trkpt lat="50.036881" lon="19.993699"><ele>233.60</ele></trkpt>
      <trkpt lat="50.036928" lon="19.994277"><ele>234.00</ele></trkpt>
      <trkpt lat="50.036935" lon="19.994428"><ele>234.00</ele></trkpt>
      <trkpt lat="50.036963" lon="19.994879"><ele>234.00</ele></trkpt>
      <trkpt lat="50.037" lon="19.99548"><ele>234.20</ele></trkpt>
      <trkpt lat="50.037007" lon="19.995634"><ele>234.60</ele></trkpt>
      <trkpt lat="50.037019" lon="19.996132"><ele>234.40</ele></trkpt>
      <trkpt lat="50.037017" lon="19.996342"><ele>234.60</ele></trkpt>
      <trkpt lat="50.037016" lon="19.996597"><ele>234.60</ele></trkpt>
      <trkpt lat="50.03702" lon="19.996904"><ele>234.60</ele></trkpt>
      <trkpt lat="50.037009" lon="19.996986"><ele>234.60</ele></trkpt>
      <trkpt lat="50.037023" lon="19.997107"><ele>234.20</ele></trkpt>
      <trkpt lat="50.037087" lon="19.99711"><ele>233.40</ele></trkpt>
      <trkpt lat="50.03712" lon="19.997107"><ele>233.20</ele></trkpt>
      <trkpt lat="50.037286" lon="19.997112"><ele>232.40</ele></trkpt>
      <trkpt lat="50.037426" lon="19.997124"><ele>232.20</ele></trkpt>
      <trkpt lat="50.037473" lon="19.997129"><ele>232.20</ele></trkpt>
      <trkpt lat="50.037522" lon="19.997136"><ele>232.20</ele></trkpt>
      <trkpt lat="50.037621" lon="19.997138"><ele>232.00</ele></trkpt>
      <trkpt lat="50.037823" lon="19.997147"><ele>232.20</ele></trkpt>
      <trkpt lat="50.037872" lon="19.997147"><ele>232.20</ele></trkpt>
      <trkpt lat="50.037999" lon="19.997152"><ele>232.80</ele></trkpt>
      <trkpt lat="50.038041" lon="19.99715"><ele>232.80</ele></trkpt>
      <trkpt lat="50.038213" lon="19.997159"><ele>232.80</ele></trkpt>
      <trkpt lat="50.038346" lon="19.997173"><ele>233.00</ele></trkpt>
      <trkpt lat="50.038518" lon="19.997171"><ele>233.00</ele></trkpt>
      <trkpt lat="50.038555" lon="19.99715"><ele>232.80</ele></trkpt>
      <trkpt lat="50.038679" lon="19.996949"><ele>232.60</ele></trkpt>
      <trkpt lat="50.038747" lon="19.996806"><ele>233.00</ele></trkpt>
      <trkpt lat="50.038809" lon="19.99672"><ele>233.00</ele></trkpt>
      <trkpt lat="50.038888" lon="19.996659"><ele>232.80</ele></trkpt>
      <trkpt lat="50.039008" lon="19.996676"><ele>233.40</ele></trkpt>
      <trkpt lat="50.039052" lon="19.996704"><ele>233.40</ele></trkpt>
      <trkpt lat="50.039071" lon="19.996688"><ele>233.40</ele></trkpt>
      <trkpt lat="50.039195" lon="19.996673"><ele>232.80</ele></trkpt>
      <trkpt lat="50.03933" lon="19.996697"><ele>232.60</ele></trkpt>
      <trkpt lat="50.039366" lon="19.996703"><ele>232.60</ele></trkpt>
      <trkpt lat="50.039501" lon="19.996728"><ele>232.60</ele></trkpt>
      <trkpt lat="50.039793" lon="19.996786"><ele>233.00</ele></trkpt>
      <trkpt lat="50.039846" lon="19.99692"><ele>233.00</ele></trkpt>
      <trkpt lat="50.039825" lon="19.997278"><ele>233.40</ele></trkpt>
      <trkpt lat="50.039819" lon="19.997347"><ele>233.40</ele></trkpt>
      <trkpt lat="50.039793" lon="19.99764"><ele>233.60</ele></trkpt>
      <trkpt lat="50.039764" lon="19.997948"><ele>233.20</ele></trkpt>
      <trkpt lat="50.039678" lon="19.998847"><ele>233.80</ele></trkpt>
      <trkpt lat="50.039639" lon="19.999266"><ele>233.20</ele></trkpt>
      <trkpt lat="50.039623" lon="19.999435"><ele>233.20</ele></trkpt>
      <trkpt lat="50.039596" lon="19.999664"><ele>233.60</ele></trkpt>
      <trkpt lat="50.039534" lon="20.000314"><ele>233.40</ele></trkpt>
      <trkpt lat="50.039521" lon="20.000377"><ele>233.60</ele></trkpt>
      <trkpt lat="50.039457" lon="20.000497"><ele>233.80</ele></trkpt>
      <trkpt lat="50.039443" lon="20.000531"><ele>234.00</ele></trkpt>
      <trkpt lat="50.039314" lon="20.000731"><ele>234.20</ele></trkpt>
      <trkpt lat="50.039143" lon="20.000975"><ele>234.00</ele></trkpt>
      <trkpt lat="50.039123" lon="20.000994"><ele>233.20</ele></trkpt>
      <trkpt lat="50.039121" lon="20.000997"><ele>233.00</ele></trkpt>
    </trkseg>
  </trk>
</gpx>
